Date,Particulate_Matter,Ozon,Nitrogen_Dioxide,Sulfur_Dioxide
2024/3/2,119,4,1,4
2024/3/3,141,2,1,3
2024/3/4,151,6,1,4
2024/3/5,192,5,1,4
2024/2/1,167,2,11,4
2024/2/2,150,4,10,4
2024/2/3,88,2,8,3
2024/2/4,95,3,7,3
2024/2/5,108,2,4,3
2024/2/9,98,7,3,3
2024/2/10,157,6,4,3
2024/2/13,110,5,2,3
2024/2/14,100,3,3,3
2024/2/15,113,4,2,4
2024/2/17,109,3,1,3
2024/2/18,101,2,1,3
2024/2/19,95,2,1,3
2024/2/20,118,2,1,3
2024/2/21,114,2,1,3
2024/2/22,85,2,1,3
2024/2/23,122,2,1,4
2024/2/24,68,2,1,4
2024/2/25,69,2,1,4
2024/1/2,116,5,12,11
2024/1/3,102,4,9,11
2024/1/4,140,2,14,12
2024/1/5,155,4,15,12
2024/1/6,127,5,12,11
2024/1/7,116,5,12,11
2024/1/8,118,5,10,11
2024/1/9,97,3,11,11
2024/1/10,90,2,10,11
2024/1/11,75,2,7,11
2024/1/12,67,2,6,7
2024/1/13,103,2,8,4
2024/1/14,137,2,9,4
2024/1/15,125,2,11,4
2024/1/16,109,2,13,4
2024/1/17,106,2,12,4
2024/1/24,96,3,6,3
2024/1/25,126,4,6,3
2024/1/26,144,3,6,3
2024/1/28,109,4,5,4
2024/1/30,164,2,10,4
2024/1/31,171,2,11,4
2023/10/1,108,2,13,10
2023/10/2,98,4,13,10
2023/10/3,121,4,13,10
2023/10/4,118,3,11,10
2023/10/5,110,2,10,10
2023/10/6,101,2,8,10
2023/10/7,89,8,8,9
2023/10/8,77,7,9,9
2023/10/9,87,7,9,9
2023/10/10,87,7,9,9
2023/10/11,93,4,8,9
2023/10/12,90,6,10,10
2023/10/13,122,6,8,10
2023/10/14,124,7,7,9
2023/10/15,88,9,12,10
2023/10/16,136,14,13,10
2023/10/17,148,9,15,10
2023/10/18,153,7,11,11
2023/10/19,137,6,8,10
2023/10/20,98,8,10,10
2023/10/21,93,9,11,10
2023/10/22,108,6,12,10
2023/10/23,134,5,14,10
2023/10/24,144,6,13,11
2023/10/25,161,4,16,11
2023/10/26,127,5,17,11
2023/10/27,167,3,9,11
2023/10/28,103,3,7,10
2023/10/29,96,4,12,10
2023/10/30,88,8,13,15
2023/10/31,134,9,12,12
2023/11/1,147,9,16,13
2023/11/2,159,5,12,14
2023/11/3,122,2,9,12
2023/11/4,89,2,8,12
2023/11/5,92,2,11,12
2023/11/6,90,2,8,15
2023/11/7,72,8,11,15
2023/12/8,143,5,15,12
2023/12/9,152,3,10,11
2023/12/10,122,2,13,12
2023/12/11,118,2,14,12
2023/12/12,106,4,12,11
2023/12/13,121,3,11,11
2023/12/14,122,2,12,11
2023/12/15,110,2,9,11
2023/12/16,96,3,6,11
2023/12/17,94,2,8,12
2023/12/18,136,3,5,11
2023/12/19,67,5,6,11
2023/12/20,97,5,10,11
2023/12/21,115,8,10,11
2023/12/22,132,10,13,11
2023/12/23,152,9,7,11
2023/12/26,184,2,17,12
2023/12/27,238,12,16,12
2023/7/10,46,6,12,9
2023/7/11,74,4,13,9
2023/7/12,65,6,14,9
2023/7/13,92,4,11,9
2023/7/14,73,5,12,9
2023/7/15,90,8,12,9
2023/7/16,107,10,13,9
2023/7/17,122,7,10,9
2023/7/18,97,4,14,9
2023/7/19,94,3,12,9
2023/7/20,118,3,11,9
2023/7/21,106,2,10,9
2023/7/22,76,2,8,9
2023/7/23,63,2,11,9
2023/7/24,64,2,11,9
2023/7/25,62,5,12,9
2023/7/26,72,7,13,9
2023/7/27,94,4,13,9
2023/7/28,94,7,11,9
2023/7/29,105,3,12,9
2023/7/30,97,2,13,9
2023/7/31,80,3,13,9
2023/8/1,74,2,12,9
2023/8/2,102,3,9,9
2023/8/3,89,2,11,9
2023/8/4,70,2,10,9
2023/8/5,63,2,11,9
2023/8/6,65,2,12,9
2023/8/7,63,2,13,9
2023/8/8,66,3,11,9
2023/8/9,91,2,13,10
2023/8/10,112,2,14,10
2023/8/11,127,2,12,10
2023/8/12,105,4,10,9
2023/8/13,113,4,14,9
2023/8/14,72,4,13,9
2023/8/15,90,2,16,9
2023/8/16,113,5,13,10
2023/8/17,107,4,12,9
2023/8/18,96,2,17,10
2023/8/19,128,2,12,9
2023/8/20,91,2,15,10
2023/8/21,84,3,14,10
2023/8/22,91,6,12,9
2023/8/23,89,3,13,9
2023/8/24,98,3,11,9
2023/8/25,96,3,12,10
2023/8/26,83,4,12,10
2023/8/27,97,3,10,10
2023/8/28,69,3,9,9
2023/8/29,82,7,9,9
2023/8/30,86,10,13,9
2023/8/31,120,9,11,9
2023/9/1,133,9,10,9
2023/9/2,121,6,10,10
2023/9/3,103,3,8,9
2023/9/4,67,3,11,9
2023/9/5,82,4,11,10
2023/9/6,124,7,9,9
2023/9/7,125,5,8,9
2023/9/8,85,4,10,9
2023/9/9,104,4,9,9
2023/9/10,124,4,12,9
2023/9/11,124,2,14,9
2023/9/12,128,3,7,9
2023/9/13,68,3,6,9
2023/9/14,56,3,8,9
2023/9/15,74,3,10,9
2023/9/16,97,2,11,9
2023/9/17,109,2,13,9
2023/9/18,88,2,11,9
2023/9/19,69,2,9,9
2023/9/20,75,2,9,9
2023/9/21,75,2,10,9
2023/9/22,75,2,11,10
2023/9/23,77,2,12,9
2023/9/24,91,3,10,10
2023/9/25,112,2,9,10
2023/9/26,109,2,8,9
2023/9/27,72,2,9,10
2023/9/28,74,2,11,10
2023/9/29,114,3,9,10
2023/9/30,138,2,11,10
2023/4/1,125,3,11,9
2023/4/2,94,4,11,9
2023/4/3,94,4,13,9
2023/4/4,126,4,13,9
2023/4/5,139,5,12,9
2023/4/6,135,4,14,8
2023/4/7,128,6,10,8
2023/4/8,132,3,12,9
2023/4/9,144,2,14,9
2023/4/10,153,2,14,9
2023/4/11,142,3,14,9
2023/4/12,121,3,12,8
2023/4/13,90,4,14,9
2023/4/14,102,4,13,9
2023/4/15,133,3,15,8
2023/4/16,137,4,11,8
2023/4/17,140,5,10,8
2023/4/18,119,7,12,8
2023/4/19,144,7,17,9
2023/4/20,146,7,17,9
2023/4/21,153,7,10,8
2023/4/22,141,7,9,8
2023/4/23,126,7,9,8
2023/4/24,103,6,11,8
2023/4/25,73,4,13,8
2023/4/26,100,5,14,9
2023/4/27,115,4,9,9
2023/4/28,90,4,11,9
2023/4/29,79,4,11,9
2023/4/30,96,9,11,8
2023/5/1,130,6,9,9
2023/5/2,103,5,6,8
2023/5/3,80,8,7,8
2023/5/4,91,9,11,9
2023/5/5,109,12,10,9
2023/5/6,132,10,9,9
2023/5/7,118,28,12,9
2023/5/8,83,10,13,9
2023/5/9,105,13,11,9
2023/5/10,82,24,14,9
2023/5/11,66,5,11,9
2023/5/12,73,7,8,9
2023/5/13,76,7,11,9
2023/5/14,82,13,12,9
2023/5/15,90,14,10,9
2023/5/16,97,15,12,9
2023/5/17,123,14,10,9
2023/5/18,143,15,19,9
2023/5/19,138,41,10,9
2023/5/20,132,41,9,9
2023/5/22,148,41,12,9
2023/5/23,124,30,9,9
2023/5/24,124,21,15,9
2023/5/25,78,18,11,9
2023/5/26,83,24,9,9
2023/5/27,72,22,7,9
2023/5/28,66,31,14,9
2023/5/29,88,20,14,9
2023/5/30,88,16,12,9
2023/5/31,123,32,10,9
2023/6/1,104,37,14,9
2023/6/2,109,13,11,9
2023/6/3,89,14,13,9
2023/6/4,104,11,14,9
2023/6/5,106,14,9,9
2023/6/6,101,24,10,9
2023/6/7,111,16,13,9
2023/6/8,128,10,10,9
2023/6/9,71,9,14,9
2023/6/10,118,11,8,9
2023/6/11,136,8,13,9
2023/6/12,120,10,9,9
2023/6/13,88,6,8,9
2023/6/14,75,16,11,9
2023/6/15,69,57,15,9
2023/6/19,80,8,13,9
2023/6/20,72,52,13,9
2023/6/22,114,5,9,9
2023/1/3,150,1,16,9
2023/1/4,172,1,13,9
2023/1/6,133,3,16,9
2023/1/7,156,4,19,9
2023/1/8,182,4,17,9
2023/1/13,118,4,10,9
2023/1/14,154,1,7,9
2023/1/15,125,2,6,8
2023/1/16,96,2,3,9
2023/1/17,137,3,3,9
2023/1/18,141,2,4,9
2023/1/19,168,2,4,9
2023/1/20,179,6,6,9
2023/1/21,193,3,6,9
2023/1/22,189,1,7,9
2023/1/23,158,4,4,8
2023/1/25,150,2,3,9
2023/1/26,160,3,4,9
2023/1/27,148,5,5,9
2023/1/28,143,6,7,9
2023/1/29,163,5,12,9
2023/1/30,181,2,16,9
2023/1/31,156,2,15,9
2023/2/9,78,2,10,10
2023/2/10,86,2,7,10
2023/2/11,99,2,9,9
2023/2/12,116,2,13,9
2023/2/13,114,2,10,9
2023/2/14,108,4,10,10
2023/2/15,120,4,12,10
2023/2/16,152,3,18,10
2023/2/17,170,2,19,10
2023/2/18,135,2,11,10
2023/2/19,153,7,13,10
2023/2/20,139,4,21,10
2023/2/21,154,5,17,10
2023/2/22,115,3,18,10
2023/2/24,112,8,14,10
2023/2/25,99,10,14,10
2023/2/26,145,8,19,10
2023/2/27,160,5,20,10
2023/2/28,151,2,17,10
2023/3/1,153,10,17,11
2023/3/2,180,6,20,9
2023/3/5,169,7,17,8
2023/3/6,158,7,14,8
2023/3/7,121,5,17,8
2023/3/8,133,7,13,8
2023/3/9,165,4,14,8
2023/3/10,164,2,15,8
2023/3/11,144,6,15,9
2023/3/12,148,7,7,8
2023/3/13,119,8,12,8
2023/3/14,153,4,16,9
2023/3/15,148,4,11,9
2023/3/16,94,3,11,9
2023/3/20,114,3,13,9
2023/3/21,124,6,13,8
2023/3/22,157,5,14,8
2023/3/23,146,4,14,9
2023/3/24,147,4,11,8
2023/3/25,122,2,8,9
2023/3/26,88,2,8,9
2023/3/27,73,2,9,9
2023/3/28,97,2,9,9
2023/3/29,92,2,11,9
2023/3/30,112,2,18,10
2023/3/31,157,2,16,10
2022/10/1,85,1,9,8
2022/10/25,140,4,15,8
2022/10/26,161,1,14,8
2022/10/27,99,2,20,8
2022/10/28,123,8,18,8
2022/10/29,163,6,13,8
2022/10/31,90,5,12,8
2022/11/1,92,6,17,8
2022/11/2,139,7,20,9
2022/11/3,169,6,18,9
2022/11/4,159,7,14,8
2022/11/5,155,8,15,8
2022/11/6,157,2,21,9
2022/11/7,159,7,16,9
2022/11/8,170,7,15,9
2022/11/11,128,1,14,9
2022/11/12,117,1,15,9
2022/11/13,129,1,16,9
2022/11/15,113,1,12,9
2022/11/16,96,1,9,9
2022/11/17,77,1,11,9
2022/11/18,83,1,12,8
2022/11/19,96,2,10,8
2022/11/20,113,1,16,8
2022/11/21,145,2,13,8
2022/11/22,156,2,11,8
2022/11/27,78,1,9,8
2022/11/28,74,1,9,8
2022/11/29,82,1,7,8
2022/12/1,62,1,6,8
2022/12/2,71,1,10,8
2022/12/4,89,1,7,8
2022/12/5,71,1,12,8
2022/12/6,136,2,10,8
2022/12/10,128,2,12,8
2022/12/11,157,6,14,8
2022/12/12,156,4,20,8
2022/12/13,168,6,15,8
2022/12/14,168,5,21,9
2022/12/15,179,8,19,9
2022/12/16,203,5,11,8
2022/12/17,147,6,11,8
2022/12/18,117,5,18,8
2022/12/19,180,3,22,8
2022/12/20,188,7,18,9
2022/12/21,172,6,18,8
2022/12/22,180,3,20,8
2022/12/23,148,6,19,9
2022/12/24,160,3,19,9
2022/12/25,155,2,19,9
2022/12/26,176,1,19,9
2022/12/27,140,1,12,8
2022/12/30,123,1,10,9
2022/12/31,154,4,14,9
2023/1/1,156,3,12,9
2022/7/1,87,4,10,7
2022/7/2,72,3,9,7
2022/7/3,74,4,9,7
2022/7/4,110,2,12,7
2022/7/5,92,3,13,7
2022/7/6,108,2,10,7
2022/7/7,67,2,12,7
2022/7/8,83,2,11,7
2022/7/9,95,3,9,7
2022/7/10,96,2,11,7
2022/7/11,80,2,11,7
2022/7/12,76,2,10,7
2022/7/13,74,2,10,7
2022/7/14,85,2,10,7
2022/7/15,66,2,9,7
2022/7/16,65,2,9,7
2022/7/17,74,2,12,7
2022/7/18,84,1,10,7
2022/7/19,71,2,10,7
2022/7/20,67,2,9,7
2022/7/28,91,1,12,7
2022/7/29,101,2,13,7
2022/7/31,74,1,12,7
2022/8/1,76,1,13,7
2022/8/2,76,1,13,7
2022/8/3,84,1,13,7
2022/8/4,82,1,13,7
2022/8/6,70,1,11,7
2022/8/7,84,2,9,7
2022/8/8,83,2,10,7
2022/8/9,81,2,9,7
2022/8/10,89,2,7,7
2022/8/11,54,2,12,7
2022/8/12,77,3,13,7
2022/8/13,103,2,10,7
2022/8/14,75,2,11,7
2022/8/15,73,3,13,7
2022/8/16,87,2,11,7
2022/8/17,81,4,12,7
2022/8/18,101,5,13,7
2022/8/19,111,2,10,7
2022/8/20,73,2,8,7
2022/8/21,68,1,10,7
2022/8/22,59,2,11,7
2022/8/23,91,5,13,7
2022/8/24,134,2,12,7
2022/8/25,93,2,7,7
2022/8/26,56,2,10,7
2022/8/27,69,2,8,7
2022/8/28,76,2,8,7
2022/8/29,68,2,11,7
2022/8/30,76,2,15,7
2022/8/31,100,3,9,7
2022/9/1,93,4,9,7
2022/9/2,104,4,13,7
2022/9/3,124,3,9,7
2022/9/4,95,4,12,7
2022/9/5,83,7,14,7
2022/9/6,110,6,15,7
2022/9/7,149,2,8,7
2022/9/8,82,2,11,7
2022/9/9,98,3,12,7
2022/9/10,121,2,13,7
2022/9/11,96,4,15,7
2022/9/12,104,7,12,7
2022/9/13,133,7,15,7
2022/9/14,150,3,15,7
2022/9/15,122,1,13,7
2022/9/16,99,1,14,8
2022/9/17,106,6,15,8
2022/9/18,133,5,14,7
2022/9/19,107,4,12,8
2022/9/20,120,2,12,8
2022/9/21,110,2,14,8
2022/9/22,82,5,11,7
2022/9/24,111,4,9,7
2022/9/25,110,5,14,7
2022/9/26,127,6,14,8
2022/9/27,153,2,11,8
2022/9/28,152,2,11,8
2022/9/29,113,1,9,8
2022/9/30,83,2,9,8
2022/5/8,7,2,6,6
2022/5/9,24,2,5,6
2022/5/10,89,2,6,6
2022/5/11,110,3,9,7
2022/5/12,83,3,9,6
2022/5/13,91,4,5,7
2022/6/17,67,2,8,7
2022/6/18,76,3,7,6
2022/6/19,85,3,7,6
2022/6/20,89,3,9,6
2022/6/21,99,2,9,7
2022/6/22,97,3,10,7
2022/6/23,99,4,12,7
2022/6/24,93,2,9,7
2022/6/25,68,2,8,6
2022/6/26,88,2,9,7
2022/6/27,72,2,10,6
2022/6/28,99,5,16,7
2022/6/29,123,6,12,7
2022/6/30,100,2,14,7
2022/1/3,178,5,18,6
2022/1/4,194,3,15,6
2022/1/5,124,2,12,6
2022/1/6,97,4,14,6
2022/1/7,112,4,13,7
2022/1/8,131,2,6,5
2022/1/9,104,1,5,5
2022/1/10,98,4,10,6
2022/1/11,102,1,17,8
2022/1/12,129,2,10,6
2022/1/13,136,1,16,8
2022/1/14,174,2,14,6
2022/1/15,176,2,12,5
2022/1/16,149,2,5,5
2022/1/17,63,7,11,6
2022/1/18,115,6,13,7
2022/1/19,125,2,16,6
2022/1/20,136,1,15,7
2022/1/21,156,1,13,6
2022/1/22,153,2,12,6
2022/1/23,150,2,12,5
2022/1/24,96,2,9,5
2022/1/25,86,2,10,5
2022/1/26,89,3,9,5
2022/1/27,77,4,9,5
2022/1/28,78,3,6,5
2022/1/29,78,3,5,5
2022/1/30,72,4,3,5
2022/2/3,62,6,4,5
2022/2/4,91,6,7,5
2022/2/5,117,4,8,5
2022/2/6,133,3,8,6
2022/2/7,122,2,8,5
2022/2/8,80,1,5,5
2022/2/9,47,1,7,5
2022/2/10,91,1,10,6
2022/2/11,111,1,6,6
2022/2/12,72,2,4,5
2022/2/13,43,4,10,6
2022/2/14,94,2,11,7
2022/2/15,118,1,11,6
2022/2/16,133,1,17,6
2022/2/18,69,4,5,5
2022/2/20,30,5,5,5
2022/2/21,43,4,4,5
2022/2/22,46,6,7,6
2022/2/23,82,7,10,6
2022/2/24,96,6,16,7
2022/2/25,143,7,17,7
2022/2/26,162,9,15,6
2022/2/27,187,6,16,7
2022/2/28,165,5,16,6
2022/3/1,155,6,15,6
2022/3/2,152,3,13,7
2022/3/3,133,2,11,6
2022/3/4,94,2,11,6
2022/3/5,83,2,10,6
2022/3/6,75,5,14,6
2022/3/7,107,7,15,6
2022/3/8,123,6,15,6
2022/3/9,96,2,14,6
2022/3/10,85,2,14,6
2022/3/11,76,3,9,6
2022/3/13,76,2,12,6
2022/3/14,79,4,16,6
2022/3/15,141,2,11,6
2022/3/16,98,3,10,6
2022/3/17,86,3,13,6
2022/3/18,110,2,9,6
2022/3/20,85,3,9,6
2022/3/21,93,4,11,6
2022/3/22,105,3,6,6
2022/3/27,86,2,12,6
2022/3/28,75,1,17,8
2021/10/1,94,7,7,5
2021/10/2,80,12,8,5
2021/10/3,109,12,9,5
2021/10/4,88,10,9,5
2021/10/5,94,14,9,5
2021/10/6,117,17,9,5
2021/10/7,138,16,7,5
2021/10/8,123,9,5,5
2021/10/9,90,8,2,4
2021/10/10,45,7,4,4
2021/10/11,42,12,4,5
2021/10/12,62,4,5,5
2021/10/13,63,5,3,4
2021/10/14,40,4,4,4
2021/10/15,34,7,4,4
2021/10/18,43,4,11,4
2021/10/19,86,8,12,5
2021/10/20,110,6,6,5
2021/10/21,67,9,5,5
2021/10/22,53,14,9,5
2021/10/23,98,17,8,5
2021/10/24,116,22,14,5
2021/10/25,143,26,17,7
2021/10/26,99,26,15,5
2021/10/27,15,8,12,5
2021/10/30,35,5,5,5
2021/10/31,83,3,6,5
2021/11/1,44,3,6,5
2021/11/2,71,4,13,5
2021/11/3,95,5,10,5
2021/11/4,76,5,8,5
2021/11/5,77,2,8,5
2021/11/6,76,3,8,5
2021/11/7,83,5,5,5
2021/11/8,54,7,10,5
2021/11/9,87,8,10,5
2021/11/10,93,9,13,5
2021/11/11,134,9,10,6
2021/11/12,132,10,8,5
2021/11/13,110,10,11,6
2021/11/14,150,6,18,7
2021/11/15,165,3,15,6
2021/11/16,171,3,8,5
2021/11/17,121,6,5,5
2021/11/18,65,3,18,6
2021/11/19,158,3,9,5
2021/11/20,100,3,7,5
2021/11/21,79,5,6,5
2021/11/22,55,5,6,5
2021/11/23,65,6,7,5
2021/11/24,83,4,12,5
2021/11/25,111,6,12,6
2021/11/26,142,11,10,6
2021/11/27,146,3,10,6
2021/11/28,154,10,24,6
2021/11/29,164,9,11,8
2021/11/30,130,10,11,6
2021/12/1,122,11,15,7
2021/12/2,151,10,18,6
2021/12/3,154,10,22,6
2021/12/4,166,12,17,6
2021/12/5,171,11,18,6
2021/12/6,174,9,19,8
2021/12/7,176,8,21,8
2021/12/8,184,6,14,6
2021/12/9,173,8,15,6
2021/12/10,169,6,17,5
2021/12/11,154,9,11,6
2021/12/12,153,5,9,6
2021/12/13,90,15,15,6
2021/12/14,162,5,20,7
2021/12/15,196,6,19,5
2021/12/16,170,6,11,6
2021/12/17,154,7,8,6
2021/12/18,108,5,11,6
2021/12/19,135,6,12,7
2021/12/20,158,6,14,5
2021/12/21,142,6,18,6
2021/12/22,181,5,18,7
2021/12/23,161,5,17,7
2021/12/24,175,4,17,6
2021/12/25,181,4,11,7
2021/12/26,152,1,5,5
2021/12/27,63,4,7,5
2021/12/28,99,2,7,6
2021/12/29,111,4,6,5
2021/12/30,84,2,8,5
2021/12/31,103,2,6,6
2022/1/1,147,5,11,6
2022/1/2,107,3,15,6
2021/7/2,57,9,4,4
2021/7/3,81,9,4,4
2021/7/4,76,8,5,3
2021/7/5,62,10,5,4
2021/7/11,58,7,8,5
2021/7/12,60,7,7,4
2021/7/13,61,7,7,4
2021/7/14,58,7,7,4
2021/7/15,54,7,9,4
2021/7/16,72,6,9,4
2021/7/17,70,7,9,4
2021/7/18,64,6,11,4
2021/7/19,106,10,9,4
2021/7/20,112,9,7,4
2021/7/21,66,8,10,4
2021/7/22,96,7,7,4
2021/7/23,61,7,5,4
2021/7/24,73,11,6,4
2021/7/25,82,15,5,4
2021/7/26,74,11,5,4
2021/7/27,57,11,6,4
2021/7/28,79,11,6,4
2021/7/29,109,12,6,4
2021/7/30,102,12,7,4
2021/7/31,96,8,4,4
2021/8/1,36,11,8,4
2021/8/2,71,15,9,4
2021/8/3,92,14,5,4
2021/8/4,113,13,6,4
2021/8/5,106,10,6,4
2021/8/6,105,11,5,5
2021/8/7,66,9,6,4
2021/8/8,110,9,7,4
2021/8/9,151,8,7,4
2021/8/10,56,8,5,4
2021/8/11,48,8,6,4
2021/8/12,63,7,6,4
2021/8/13,72,9,5,4
2021/8/14,61,8,6,4
2021/8/15,79,8,6,4
2021/8/16,64,9,5,4
2021/8/17,69,8,6,4
2021/8/18,55,8,6,4
2021/8/19,54,9,5,4
2021/8/22,72,9,6,5
2021/8/23,84,8,6,5
2021/8/24,89,7,4,4
2021/8/25,66,7,6,4
2021/8/26,64,8,6,4
2021/8/27,55,10,5,4
2021/8/28,57,12,5,5
2021/8/29,80,9,4,4
2021/8/30,93,10,6,5
2021/8/31,74,14,6,5
2021/9/1,83,11,4,4
2021/9/2,69,10,5,5
2021/9/3,92,11,5,4
2021/9/4,73,8,4,4
2021/9/5,47,14,6,4
2021/9/6,78,7,6,4
2021/9/7,95,8,5,4
2021/9/8,67,10,6,4
2021/9/9,45,14,6,4
2021/9/10,94,23,6,4
2021/9/11,93,42,6,5
2021/9/12,145,14,6,4
2021/9/13,128,8,6,4
2021/9/14,82,7,7,4
2021/9/15,68,7,8,4
2021/9/16,64,7,6,4
2021/9/17,47,7,6,5
2021/9/18,58,7,4,4
2021/9/19,70,13,6,5
2021/9/20,97,11,9,5
2021/9/21,115,7,9,6
2021/9/22,92,10,9,5
2021/9/23,90,7,6,4
2021/9/24,79,7,6,4
2021/9/25,62,8,6,4
2021/9/26,72,13,8,4
2021/9/27,73,15,8,4
2021/9/28,112,22,9,5
2021/9/29,124,19,9,5
2021/9/30,101,8,9,5
2021/4/1,107,6,6,3
2021/4/2,85,6,6,3
2021/4/3,86,6,6,3
2021/4/4,117,3,7,4
2021/4/5,122,9,6,4
2021/4/6,131,7,6,3
2021/4/7,101,7,6,3
2021/4/8,91,3,6,4
2021/4/9,95,3,6,4
2021/4/10,129,5,6,4
2021/4/11,123,6,6,3
2021/4/12,75,7,6,3
2021/4/13,70,7,6,4
2021/4/14,74,8,6,3
2021/4/15,69,8,6,4
2021/4/16,70,7,6,3
2021/4/17,76,3,6,4
2021/4/18,114,6,6,4
2021/4/19,83,8,6,4
2021/4/20,70,9,6,3
2021/4/23,70,9,6,4
2021/4/24,85,10,6,4
2021/4/25,72,9,6,4
2021/4/26,78,3,7,5
2021/4/27,103,6,6,4
2021/4/28,97,15,7,4
2021/5/3,67,7,6,3
2021/5/4,74,9,6,4
2021/5/5,62,9,6,4
2021/5/6,96,8,6,4
2021/5/7,88,8,6,4
2021/5/8,83,9,6,4
2021/5/10,85,13,6,3
2021/5/11,89,9,6,4
2021/5/12,84,10,6,4
2021/5/13,82,9,6,4
2021/5/14,70,10,6,4
2021/5/15,72,12,6,4
2021/5/16,83,12,6,4
2021/5/17,63,12,6,4
2021/5/18,54,9,6,4
2021/5/19,73,11,6,4
2021/5/20,81,11,6,4
2021/5/21,82,13,6,4
2021/5/22,79,16,6,4
2021/5/23,68,13,7,5
2021/5/24,54,6,6,4
2021/5/25,64,9,6,4
2021/5/26,95,10,6,4
2021/5/27,60,9,6,4
2021/5/29,98,12,6,4
2021/5/30,90,11,6,4
2021/5/31,99,9,6,4
2021/6/1,88,13,6,4
2021/6/2,104,12,6,4
2021/6/3,118,8,6,5
2021/6/4,78,13,7,5
2021/6/5,131,10,7,4
2021/6/6,178,9,7,5
2021/6/7,111,9,7,4
2021/6/8,85,9,7,4
2021/6/9,84,9,7,5
2021/6/10,73,9,8,4
2021/6/11,66,8,6,5
2021/6/12,72,8,6,4
2021/6/13,39,9,6,5
2021/6/14,62,9,7,5
2021/6/15,62,9,6,4
2021/6/16,63,11,6,3
2021/6/17,66,12,6,3
2021/6/18,62,10,6,3
2021/6/21,80,11,6,3
2021/6/22,124,9,6,3
2021/6/23,69,9,6,3
2021/6/24,85,8,5,4
2021/6/25,85,9,5,3
2021/6/26,43,9,5,3
2021/6/29,63,8,5,4
2021/6/30,58,8,5,3
2021/1/4,187,4,12,3
2021/1/5,232,6,6,2
2021/1/6,179,2,6,2
2021/1/7,160,4,3,1
2021/1/8,72,4,5,1
2021/1/9,111,4,6,1
2021/1/10,128,6,6,2
2021/1/11,133,8,9,2
2021/1/12,138,6,12,5
2021/1/13,173,9,14,6
2021/1/14,181,1,13,3
2021/1/15,203,1,11,5
2021/1/16,222,4,5,2
2021/1/17,170,9,8,1
2021/1/18,140,6,11,3
2021/1/19,168,3,12,3
2021/1/20,193,1,6,2
2021/1/24,188,2,11,1
2021/1/25,151,3,8,1
2021/1/26,121,4,10,1
2021/1/27,108,1,7,1
2021/1/30,182,1,10,3
2021/1/31,164,1,9,5
2021/2/1,120,2,11,4
2021/2/2,112,6,14,4
2021/2/3,123,5,16,4
2021/2/4,121,4,16,4
2021/2/5,126,7,16,4
2021/2/6,137,5,15,4
2021/2/7,141,7,11,4
2021/2/8,139,9,8,3
2021/2/9,77,10,10,4
2021/2/10,134,14,9,4
2021/2/11,105,12,9,3
2021/2/12,105,13,9,3
2021/2/13,96,11,11,4
2021/2/14,116,7,10,4
2021/2/15,119,6,10,4
2021/2/16,120,6,9,4
2021/2/17,111,6,6,5
2021/2/18,138,9,5,5
2021/2/19,161,13,4,5
2021/2/20,150,14,4,4
2021/2/21,134,7,4,4
2021/2/22,114,6,3,3
2021/2/28,130,2,2,3
2021/3/1,122,2,6,3
2021/3/2,100,2,6,3
2021/3/3,153,2,6,3
2021/3/4,134,2,6,3
2021/3/5,105,4,6,3
2021/3/6,117,5,6,3
2021/3/7,120,4,6,3
2021/3/8,138,3,6,3
2021/3/9,78,4,6,3
2021/3/10,75,4,6,3
2021/3/11,86,4,6,3
2021/3/12,101,3,7,3
2021/3/13,119,6,7,3
2021/3/14,120,6,6,3
2021/3/15,95,4,6,3
2021/3/16,88,3,6,3
2021/3/17,96,4,6,3
2021/3/18,96,3,6,3
2021/3/19,83,4,6,3
2021/3/20,75,6,6,3
2021/3/21,73,7,6,4
2021/3/22,113,9,7,4
2021/3/23,159,3,8,5
2021/3/24,168,4,7,3
2021/3/25,166,3,6,3
2021/3/26,112,3,6,3
2021/3/27,75,2,6,3
2021/3/28,73,4,6,3
2021/3/29,133,5,7,3
2021/3/30,130,5,6,3
2021/3/31,117,5,6,3
2020/11/3,82,5,9,2
2020/11/4,135,5,15,1
2020/11/5,169,4,13,1
2020/11/6,178,7,8,1
2020/11/7,116,9,8,1
2020/11/8,125,11,10,2
2020/11/9,130,12,11,3
2020/11/10,139,10,13,3
2020/11/11,147,15,13,2
2020/11/12,156,13,13,2
2020/11/13,149,12,10,2
2020/11/24,116,3,12,1
2020/11/26,107,7,11,1
2020/11/27,139,4,6,1
2020/11/28,111,7,6,1
2020/11/29,94,8,8,1
2020/11/30,114,5,12,2
2020/12/1,152,4,12,2
2020/12/2,163,5,8,1
2020/12/3,137,5,8,1
2020/12/4,95,6,8,1
2020/12/5,117,7,11,2
2020/12/6,155,10,11,2
2020/12/7,168,6,11,1
2020/12/8,154,5,15,2
2020/12/9,182,9,17,2
2020/12/10,183,6,14,2
2020/12/11,175,5,12,2
2020/12/18,90,5,5,1
2020/12/19,109,7,5,1
2020/12/20,113,10,8,2
2020/12/21,144,9,12,2
2020/12/22,163,4,13,4
2020/12/23,165,6,10,1
2020/12/24,148,5,14,4
2020/12/25,176,1,12,3
2020/12/26,173,1,7,1
2020/12/27,171,2,6,1
2020/12/28,125,2,7,1
2020/12/29,97,5,7,1
2020/12/30,101,6,10,2
2020/12/31,128,11,10,3
2021/1/1,159,11,11,3
2021/1/2,192,7,10,3
2021/1/3,189,8,11,3
2020/7/1,92,6,7,1
2020/7/5,77,7,4,1
2020/7/7,80,7,4,1
2020/7/8,82,7,4,1
2020/7/9,76,7,4,1
2020/7/10,74,7,5,1
2020/7/11,79,8,5,1
2020/7/12,94,9,6,1
2020/7/13,86,12,7,1
2020/7/14,96,9,5,1
2020/7/15,86,8,3,1
2020/7/16,79,8,3,1
2020/7/17,77,9,3,1
2020/7/18,82,8,3,1
2020/7/19,86,8,4,1
2020/7/20,81,5,2,2
2020/7/21,74,5,2,1
2020/7/29,117,6,5,1
2020/7/30,104,6,7,2
2020/7/31,106,5,4,1
2020/8/1,85,5,2,1
2020/8/2,51,4,4,2
2020/8/3,77,4,4,1
2020/8/4,68,4,4,1
2020/8/5,68,4,3,1
2020/8/6,60,4,2,1
2020/8/7,61,5,2,1
2020/8/8,67,5,3,1
2020/8/9,71,6,6,1
2020/8/11,51,4,5,1
2020/8/12,79,4,4,1
2020/8/13,57,4,3,2
2020/8/14,62,2,3,2
2020/8/15,75,2,4,2
2020/8/16,81,2,3,2
2020/4/1,120,2,1,2
2020/4/2,128,2,2,2
2020/4/5,65,4,2,3
2020/4/6,87,8,3,2
2020/4/7,147,7,5,2
2020/4/8,160,10,4,2
2020/4/9,162,9,4,2
2020/4/11,130,8,2,2
2020/4/12,88,8,2,2
2020/4/13,104,15,2,2
2020/4/14,130,12,3,3
2020/4/15,149,6,2,2
2020/4/17,95,6,1,2
2020/4/19,118,5,1,20
2020/4/20,99,5,1,10
2020/4/21,117,4,2,8
2020/4/24,88,8,1,3
2020/4/25,103,6,1,3
2020/4/26,99,11,3,4
2020/4/27,107,15,4,8
2020/4/28,160,16,4,5
2020/4/29,155,9,2,3
2020/4/30,127,4,2,2
2020/5/1,106,9,1,2
2020/5/2,117,6,1,2
2020/5/3,101,8,3,2
2020/5/4,103,6,2,2
2020/5/5,119,5,1,2
2020/5/6,97,4,2,2
2020/5/7,112,7,2,2
2020/5/8,102,7,2,2
2020/5/9,119,10,1,2
2020/5/10,116,5,2,3
2020/5/11,93,5,2,2
2020/5/12,90,6,1,2
2020/5/13,83,7,1,3
2020/5/14,73,5,1,2
2020/5/20,98,9,5,3
2020/5/21,112,6,4,3
2020/5/22,112,7,3,3
2020/5/23,113,6,3,3
2020/5/24,121,10,3,3
2020/5/25,101,7,1,3
2020/5/26,91,8,2,3
2020/5/27,100,9,3,4
2020/5/28,139,7,3,3
2020/5/29,106,7,4,3
2020/5/30,99,6,2,3
2020/5/31,106,6,5,3
2020/6/1,93,5,5,3
2020/6/2,103,12,3,3
2020/6/3,115,9,3,3
2020/6/4,113,9,4,3
2020/6/5,122,6,5,3
2020/6/6,139,7,5,3
2020/6/7,118,5,4,4
2020/6/8,101,10,7,4
2020/6/9,112,7,6,3
2020/6/10,94,6,5,3
2020/6/11,93,7,5,3
2020/6/12,89,6,5,3
2020/6/13,96,4,5,4
2020/6/14,96,4,7,3
2020/6/16,72,5,5,1
2020/6/28,80,7,6,1
2020/6/30,95,6,7,1
2020/1/1,182,2,11,1
2020/1/2,145,2,9,1
2020/1/3,93,2,9,1
2020/1/4,114,2,8,1
2020/1/5,100,2,7,1
2020/1/6,104,2,10,1
2020/1/7,135,2,8,1
2020/1/8,111,2,9,2
2020/1/9,113,2,6,1
2020/1/10,101,2,5,1
2020/1/11,102,2,5,2
2020/1/12,103,1,8,4
2020/1/13,171,2,12,3
2020/1/14,235,2,5,1
2020/1/15,111,2,6,3
2020/1/16,107,3,5,2
2020/1/17,116,3,5,1
2020/1/18,148,4,4,1
2020/1/19,97,4,5,1
2020/1/20,133,2,9,1
2020/1/21,178,3,6,1
2020/1/22,162,4,3,1
2020/1/23,116,4,2,1
2020/1/24,89,7,2,1
2020/1/25,80,7,3,1
2020/1/26,72,5,3,1
2020/1/27,80,5,3,1
2020/1/28,105,5,3,1
2020/1/29,136,5,7,1
2020/1/30,154,3,11,3
2020/1/31,150,4,9,2
2020/2/1,167,4,6,1
2020/2/2,205,5,4,1
2020/2/5,76,2,2,2
2020/2/11,151,1,11,2
2020/2/12,157,3,9,1
2020/2/13,123,5,7,1
2020/2/14,110,6,8,1
2020/2/15,121,6,5,2
2020/2/16,91,5,7,2
2020/2/17,116,5,12,7
2020/2/18,143,2,15,8
2020/2/19,161,2,11,4
2020/2/20,196,2,11,2
2020/2/21,228,6,13,2
2020/2/22,198,4,14,2
2020/2/23,193,4,11,2
2020/2/25,137,1,13,2
2020/2/26,136,2,10,2
2020/2/27,110,2,7,1
2020/2/28,99,4,7,1
2020/2/29,105,4,6,1
2020/3/1,103,4,6,1
2020/3/2,98,4,5,1
2020/3/3,70,11,7,2
2020/3/4,80,2,5,2
2020/3/5,93,4,9,3
2020/3/6,160,3,9,2
2020/3/7,126,6,8,1
2020/3/8,145,13,7,1
2020/3/9,172,6,7,2
2020/3/10,141,6,12,3
2020/3/11,147,5,9,2
2020/3/13,135,5,7,2
2020/3/14,131,3,8,3
2020/3/15,161,2,9,3
2020/3/16,182,4,9,2
2020/3/17,138,2,4,2
2020/3/18,93,2,3,2
2020/3/19,86,2,9,2
2020/3/20,149,6,5,2
2020/3/21,145,5,3,2
2020/3/24,95,5,3,2
2020/3/25,88,5,1,2
2020/3/29,97,4,4,2
2020/3/30,83,1,1,2
2020/3/31,96,2,2,3
2019/12/2,85,6,16,3
2019/12/3,129,7,9,3
2019/12/4,145,8,7,3
2019/12/5,132,8,7,2
2019/12/6,117,8,10,3
2019/12/7,153,9,12,4
2019/12/8,176,10,14,5
2019/12/9,189,10,15,4
2019/12/10,211,11,16,5
2019/12/11,221,1,13,4
2019/12/12,210,9,15,4
2019/12/13,221,3,11,3
2019/12/14,207,2,9,2
2019/12/15,145,1,5,1
2019/12/16,138,3,8,2
2019/12/17,133,2,5,1
2019/12/18,117,2,6,2
2019/12/19,136,2,6,2
2019/12/20,158,2,5,1
2019/12/21,151,2,5,1
2019/12/22,130,2,5,2
2019/12/23,180,1,9,2
2019/12/24,212,2,7,1
2019/12/25,107,2,7,2
2019/12/26,116,2,5,1
2019/12/27,106,2,8,3
2019/12/28,155,3,10,3
2017/7/1,65,23,10,14
2017/7/2,72,23,10,14
2017/7/3,71,25,10,13
2017/7/4,68,26,8,13
2017/7/5,33,26,8,13
2017/7/6,33,26,9,13
2017/7/7,42,24,9,13
2017/7/8,36,34,8,13
2017/7/9,47,23,8,13
2017/7/10,68,22,8,13
2017/7/11,40,21,8,13
2017/7/12,30,21,8,13
2017/7/13,66,21,9,14
2017/7/14,34,21,8,13
2017/7/15,62,20,8,13
2017/7/16,57,22,7,13
2017/7/17,31,20,8,13
2017/7/18,60,22,8,13
2017/7/19,36,21,7,13
2017/7/20,36,20,8,13
2017/7/21,50,24,9,13
2017/7/22,88,18,10,14
2017/7/23,55,20,13,14
2017/7/24,111,18,7,13
2017/8/6,52,13,17,13
2017/8/7,51,19,12,15
2017/8/8,51,18,7,14
2017/8/10,86,14,9,12
2017/8/11,77,19,9,13
2017/8/12,66,18,10,15
2017/8/13,78,18,10,15
2017/8/14,88,20,7,13
2017/8/15,57,19,8,14
2017/8/16,37,18,8,14
2017/8/17,50,18,8,13
2017/8/18,90,17,13,15
2017/8/21,71,16,2,15
2017/8/22,94,18,2,16
2017/8/23,130,498,3,15
2017/8/24,32,5,1,13
2017/4/1,98,14,34,16
2017/4/2,136,15,35,16
2017/4/3,142,10,19,12
2017/4/4,88,13,17,12
2017/4/5,86,14,14,12
2017/4/6,89,24,11,12
2017/4/7,80,17,11,12
2017/4/8,92,20,13,13
2017/4/9,99,17,18,14
2017/4/10,128,15,28,13
2017/4/11,136,12,18,12
2017/4/12,110,12,55,14
2017/4/13,117,16,74,14
2017/4/14,129,8,38,11
2017/4/16,77,20,68,12
2017/4/17,72,17,35,11
2017/4/18,81,21,50,13
2017/4/19,117,14,27,12
2017/4/20,106,16,21,12
2017/4/24,114,18,24,12
2017/4/25,92,13,25,13
2017/4/26,113,17,19,13
2017/4/27,82,21,29,14
2017/5/3,106,15,21,12
2017/5/4,105,9,26,12
2017/5/5,94,13,24,12
2017/5/6,110,11,20,12
2017/5/7,107,10,17,12
2017/5/8,85,10,20,12
2017/5/9,91,10,19,12
2017/5/10,77,8,13,11
2017/5/11,50,17,16,12
2017/5/12,55,10,25,12
2017/5/13,88,8,16,12
2017/5/14,57,11,16,12
2017/5/15,56,11,15,12
2017/5/17,105,13,16,12
2017/5/18,96,12,13,11
2017/5/19,64,14,17,12
2017/5/20,68,17,18,12
2017/5/21,88,11,15,12
2017/5/22,62,11,17,12
2017/5/23,72,13,18,11
2017/5/24,64,13,17,11
2017/5/25,65,14,21,11
2017/5/26,76,14,24,11
2017/5/27,123,15,27,12
2017/5/28,149,19,28,12
2017/5/30,103,15,18,13
2017/5/31,103,16,14,14
2017/6/1,83,17,14,16
2017/6/2,97,18,14,17
2017/6/3,81,21,14,17
2017/6/4,82,20,14,17
2017/6/5,91,13,13,14
2017/6/6,80,14,13,12
2017/6/7,59,14,12,13
2017/6/8,80,13,10,13
2017/6/9,52,15,11,13
2017/6/11,78,15,13,14
2017/6/12,88,15,14,13
2017/6/13,74,15,9,13
2017/6/14,84,15,11,14
2017/6/15,101,15,13,13
2017/6/16,133,14,10,12
2017/6/17,55,15,10,13
2017/6/18,87,14,10,13
2017/6/20,87,14,13,13
2017/6/21,63,15,13,13
2017/6/22,47,17,10,14
2017/6/23,53,17,8,13
2017/6/24,53,17,10,13
2017/6/25,47,17,10,13
2017/6/26,58,18,8,15
2017/6/27,50,19,8,13
2017/6/28,49,19,9,13
2017/6/29,62,23,10,13
2017/6/30,54,21,11,14
2017/1/2,169,36,11,17
2017/1/3,184,21,9,19
2017/1/4,155,9,6,12
2017/1/5,108,14,8,13
2017/1/6,115,21,9,13
2017/1/7,145,16,8,14
2017/1/8,142,12,4,13
2017/1/10,151,9,5,10
2017/1/11,98,2,5,9
2017/1/17,98,21,14,11
2017/1/18,144,23,5,14
2017/1/19,199,9,6,14
2017/1/20,108,11,7,13
2017/1/21,139,8,7,15
2017/1/23,187,19,21,17
2017/1/24,192,24,15,15
2017/1/25,186,19,16,14
2017/1/26,167,15,11,13
2017/1/27,155,14,6,10
2017/1/28,116,5,7,11
2017/1/29,89,7,8,13
2017/1/30,108,10,10,12
2017/1/31,151,6,7,14
2017/2/1,125,4,8,14
2017/2/2,129,5,7,15
2017/2/3,121,10,8,11
2017/2/4,91,6,7,12
2017/2/5,113,5,8,13
2017/2/6,93,4,7,12
2017/2/7,80,5,7,14
2017/2/8,99,2,9,13
2017/2/9,73,5,12,15
2017/2/10,140,10,13,15
2017/2/11,165,12,15,16
2017/2/12,163,16,22,23
2017/2/13,175,11,14,15
2017/2/14,192,12,17,20
2017/2/15,207,3,12,13
2017/2/19,112,3,7,12
2017/2/20,71,7,5,12
2017/2/21,81,12,4,12
2017/2/22,85,2,5,13
2017/2/24,109,1,10,12
2017/2/25,111,3,10,14
2017/2/26,142,4,15,15
2017/2/27,151,8,13,25
2017/2/28,166,17,11,14
2017/3/1,179,21,12,16
2017/3/2,164,5,16,17
2017/3/3,161,5,11,13
2017/3/4,150,7,8,13
2017/3/5,130,1,6,17
2017/3/6,115,3,6,13
2017/3/14,112,16,1,12
2017/3/15,104,22,2,17
2017/3/16,108,18,3,13
2017/3/17,100,18,4,11
2017/3/18,109,17,4,11
2017/3/19,79,16,4,11
2017/3/20,75,13,5,11
2017/3/21,55,12,4,11
2017/3/22,68,11,4,11
2017/3/23,60,13,3,11
2017/3/24,61,12,7,13
2017/3/25,66,9,8,13
2017/3/26,70,9,10,15
2017/3/27,106,20,14,17
2017/3/28,161,20,9,13
2017/3/29,147,12,24,15
2017/3/30,120,10,19,13
2017/3/31,85,13,23,14
2016/10/5,182,4,11,13
2016/10/6,153,6,11,13
2016/10/10,151,4,16,14
2016/10/11,163,7,12,13
2016/10/12,163,1,7,12
2016/10/13,158,1,3,13
2016/10/17,150,2,25,13
2016/10/18,123,1,41,13
2016/10/19,89,3,71,15
2016/10/22,160,5,49,14
2016/10/24,144,3,32,13
2016/10/25,91,11,31,13
2016/10/26,103,4,30,13
2016/10/27,76,9,44,14
2016/10/28,79,3,45,14
2016/10/29,96,1,34,13
2016/10/30,84,1,33,13
2016/10/31,78,1,30,14
2016/11/1,70,1,32,16
2016/11/2,85,1,52,14
2016/11/3,95,1,45,15
2016/11/4,149,2,63,14
2016/11/5,152,2,56,15
2016/11/6,161,2,48,15
2016/11/7,178,21,17,9
2016/11/8,121,17,5,8
2016/11/9,46,17,6,8
2016/11/10,64,27,13,10
2016/11/11,113,49,13,12
2016/11/12,178,41,9,9
2016/11/13,175,19,5,8
2016/11/14,117,24,6,9
2016/11/15,98,24,6,10
2016/11/16,96,28,9,15
2016/11/17,101,31,7,12
2016/11/18,123,51,13,12
2016/11/19,147,40,9,12
2016/11/20,137,40,13,12
2016/11/21,123,32,7,12
2016/11/22,105,32,8,12
2016/11/25,112,19,5,11
2016/11/26,63,34,14,14
2016/11/27,108,40,19,21
2016/11/28,157,22,16,17
2016/11/29,154,28,13,15
2016/11/30,134,35,13,13
2016/12/3,187,44,17,14
2016/12/4,197,66,12,22
2016/12/5,204,25,10,18
2016/12/6,150,46,15,23
2016/12/7,161,41,15,18
2016/12/8,173,74,25,25
2016/12/9,195,39,24,27
2016/12/10,193,54,20,18
2016/12/11,201,28,9,12
2016/12/12,149,28,8,14
2016/12/13,130,17,7,14
2016/12/14,128,18,6,10
2016/12/15,86,20,10,14
2016/12/16,144,24,16,21
2016/12/17,163,33,15,27
2016/12/18,187,48,5,19
2016/12/19,226,18,1,10
2016/12/20,109,18,3,13
2016/12/21,109,16,4,13
2016/12/22,91,23,11,18
2016/12/23,155,18,6,14
2016/12/24,145,15,3,11
2016/12/25,106,12,4,12
2016/12/26,94,11,7,12
2016/12/27,83,23,11,16
2016/12/28,142,26,13,23
2016/12/29,157,26,15,22
2016/12/30,168,36,17,22
2016/7/7,80,8,5,13
2016/7/8,130,8,2,13
2016/7/14,81,9,9,13
2016/7/15,106,9,11,13
2016/7/16,71,8,6,13
2016/7/26,89,8,25,15
2016/7/27,85,8,15,13
2016/8/8,63,9,15,13
2016/8/9,68,9,13,14
2016/8/10,100,9,8,14
2016/8/11,105,9,10,13
2016/8/12,92,9,9,12
2016/8/13,104,9,7,12
2016/8/14,60,9,9,12
2016/8/15,66,10,8,12
2016/8/17,87,9,8,12
2016/8/18,68,10,8,12
2016/8/20,45,9,8,13
2016/8/22,91,9,8,13
2016/8/23,97,9,9,13
2016/8/24,112,9,9,13
2016/8/25,126,9,9,13
2016/8/26,145,9,10,13
2016/8/27,90,9,8,13
2016/8/28,63,9,7,13
2016/8/29,119,9,12,13
2016/8/30,161,10,18,13
2016/8/31,125,10,15,13
2016/9/1,69,9,11,13
2016/9/2,52,10,7,13
2016/9/3,79,10,10,13
2016/9/4,136,13,11,13
2016/9/5,161,13,12,13
2016/9/6,121,18,9,13
2016/9/7,102,10,10,13
2016/9/8,133,13,11,14
2016/9/9,106,11,14,14
2016/9/10,69,9,2,13
2016/9/14,128,7,17,13
2016/9/15,134,7,8,12
2016/5/11,134,131,14,11
2016/5/12,105,159,12,11
2016/5/13,83,154,6,11
2016/5/14,41,135,5,11
2016/5/15,75,52,9,11
2016/5/16,73,45,12,11
2016/5/17,117,161,9,11
2016/5/18,107,174,6,11
2016/5/19,84,161,7,11
2016/5/20,88,149,6,11
2016/5/21,103,110,8,11
2016/5/22,103,138,8,11
2016/5/23,111,124,3,11
2016/5/24,105,154,5,11
2016/5/25,90,142,2,11
2016/5/26,63,172,3,11
2016/5/27,54,150,5,11
2016/5/28,76,136,4,11
2016/5/29,89,121,4,11
2016/5/30,76,78,5,11
2016/5/31,72,58,4,11
2016/6/1,60,44,5,11
2016/6/2,71,35,5,11
2016/6/3,76,32,5,11
2016/6/6,104,21,14,11
2016/6/21,89,20,4,13
2016/6/22,88,33,5,13
2016/6/23,83,22,7,13
2016/6/24,78,23,9,13
2016/6/25,84,21,9,12
2016/6/26,95,24,7,12
2016/6/27,68,22,7,13
2016/6/28,91,8,3,13
2016/6/29,78,8,2,13
2016/1/4,161,23,19,6
2016/1/10,130,7,14,6
2016/1/11,114,25,16,6
2016/1/12,145,13,14,6
2016/1/13,161,11,10,6
2016/1/14,137,11,7,6
2016/1/18,144,5,3,6
2016/1/24,127,15,5,6
2016/1/26,137,17,1,6
2016/2/18,175,18,26,6
2016/2/19,183,12,31,6
2016/2/21,171,16,25,6
2016/2/22,165,15,16,6
2016/2/23,123,19,16,6
2016/2/24,117,14,12,7
2016/2/25,135,12,17,6
2016/2/26,135,19,16,7
2016/2/27,150,30,22,7
2016/2/28,173,29,27,7
2016/2/29,191,40,31,7
2016/3/3,145,2,21,7
2016/3/6,152,20,9,7
2016/3/7,119,74,6,7
2016/3/8,94,54,11,7
2016/3/9,104,14,14,7
2016/3/10,88,19,19,7
2016/3/11,48,14,17,7
2016/3/12,16,19,14,7
2016/3/13,19,16,23,7
2016/3/14,73,19,23,7
2016/3/15,143,18,20,7
2016/3/16,96,17,18,7
2016/3/18,160,60,10,7
2016/3/19,133,4,6,7
2016/3/20,126,52,6,7
2016/3/21,97,67,6,7
2016/3/22,124,23,7,7
2015/12/27,129,9,10,5
2015/12/28,163,7,13,5
2015/12/29,127,10,10,5
2015/12/30,83,13,10,5
