Date,Particulate_Matter,Ozon,Nitrogen_Dioxide,Sulfur_Dioxide, co, aqi
2024/3/1,73,4,1, , , 
2024/3/2,119,4,1,4, , 
2024/3/3,141,2,1,3, , 
2024/3/4,151,6,1,4, , 
2024/3/5,192,5,1,4, , 
2024/3/6,176,4, ,3, , 
2024/3/7,151,2, ,4, , 
2024/3/8,172,2, ,4, , 
2024/3/9,160,2, , , , 
2024/3/10,99,3, ,4, , 
2024/3/11,99,3, ,4, , 
2024/3/12,154,3, ,4, , 
2024/3/13,125,2, ,4, , 
2024/3/14,108,2, ,4, , 
2024/3/15,115,3, ,4, , 
2024/3/16,106,3, , , , 
2024/3/17,118,3, ,3, , 
2024/3/18,93,6, ,3, , 
2024/3/19,85,3, ,3, , 
2024/3/20,81, , , , , 
2024/2/1,167,2,11,4, , 
2024/2/2,150,4,10,4, , 
2024/2/3,88,2,8,3, , 
2024/2/4,95,3,7,3, , 
2024/2/5,108,2,4,3, , 
2024/2/6,116,2, ,4, , 
2024/2/7,108,4, ,4, , 
2024/2/8,85,6, ,3, , 
2024/2/9,98,7,3,3, , 
2024/2/10,157,6,4,3, , 
2024/2/11,125,6,4, , , 
2024/2/12,129,5,2, , , 
2024/2/13,110,5,2,3, , 
2024/2/14,100,3,3,3, , 
2024/2/15,113,4,2,4, , 
2024/2/16,138,4,1, , , 
2024/2/17,109,3,1,3, , 
2024/2/18,101,2,1,3, , 
2024/2/19,95,2,1,3, , 
2024/2/20,118,2,1,3, , 
2024/2/21,114,2,1,3, , 
2024/2/22,85,2,1,3, , 
2024/2/23,122,2,1,4, , 
2024/2/24,68,2,1,4, , 
2024/2/25,69,2,1,4, , 
2024/2/26,96,2,1, , , 
2024/2/27,69,2,1, , , 
2024/2/28,117,3,1, , , 
2024/2/29,73,4,1, , , 
2024/1/2,116,5,12,11, , 
2024/1/3,102,4,9,11, , 
2024/1/4,140,2,14,12, , 
2024/1/5,155,4,15,12, , 
2024/1/6,127,5,12,11, , 
2024/1/7,116,5,12,11, , 
2024/1/8,118,5,10,11, , 
2024/1/9,97,3,11,11, , 
2024/1/10,90,2,10,11, , 
2024/1/11,75,2,7,11, , 
2024/1/12,67,2,6,7, , 
2024/1/13,103,2,8,4, , 
2024/1/14,137,2,9,4, , 
2024/1/15,125,2,11,4, , 
2024/1/16,109,2,13,4, , 
2024/1/17,106,2,12,4, , 
2024/1/18,84, , , , , 
2024/1/19,89, , , , , 
2024/1/20,99, , , , , 
2024/1/21,91, , , , , 
2024/1/22,61, , , , , 
2024/1/23,77, , , , , 
2024/1/24,96,3,6,3, , 
2024/1/25,126,4,6,3, , 
2024/1/26,144,3,6,3, , 
2024/1/27,137,3,5, , , 
2024/1/28,109,4,5,4, , 
2024/1/29,139,4,7, , , 
2024/1/30,164,2,10,4, , 
2024/1/31,171,2,11,4, , 
2023/10/1,108,2,13,10, , 
2023/10/2,98,4,13,10, , 
2023/10/3,121,4,13,10, , 
2023/10/4,118,3,11,10, , 
2023/10/5,110,2,10,10, , 
2023/10/6,101,2,8,10, , 
2023/10/7,89,8,8,9, , 
2023/10/8,77,7,9,9, , 
2023/10/9,87,7,9,9, , 
2023/10/10,87,7,9,9, , 
2023/10/11,93,4,8,9, , 
2023/10/12,90,6,10,10, , 
2023/10/13,122,6,8,10, , 
2023/10/14,124,7,7,9, , 
2023/10/15,88,9,12,10, , 
2023/10/16,136,14,13,10, , 
2023/10/17,148,9,15,10, , 
2023/10/18,153,7,11,11, , 
2023/10/19,137,6,8,10, , 
2023/10/20,98,8,10,10, , 
2023/10/21,93,9,11,10, , 
2023/10/22,108,6,12,10, , 
2023/10/23,134,5,14,10, , 
2023/10/24,144,6,13,11, , 
2023/10/25,161,4,16,11, , 
2023/10/26,127,5,17,11, , 
2023/10/27,167,3,9,11, , 
2023/10/28,103,3,7,10, , 
2023/10/29,96,4,12,10, , 
2023/10/30,88,8,13,15, , 
2023/10/31,134,9,12,12, , 
2023/11/1,147,9,16,13, , 
2023/11/2,159,5,12,14, , 
2023/11/3,122,2,9,12, , 
2023/11/4,89,2,8,12, , 
2023/11/5,92,2,11,12, , 
2023/11/6,90,2,8,15, , 
2023/11/7,72,8,11,15, , 
2023/12/8,143,5,15,12, , 
2023/12/9,152,3,10,11, , 
2023/12/10,122,2,13,12, , 
2023/12/11,118,2,14,12, , 
2023/12/12,106,4,12,11, , 
2023/12/13,121,3,11,11, , 
2023/12/14,122,2,12,11, , 
2023/12/15,110,2,9,11, , 
2023/12/16,96,3,6,11, , 
2023/12/17,94,2,8,12, , 
2023/12/18,136,3,5,11, , 
2023/12/19,67,5,6,11, , 
2023/12/20,97,5,10,11, , 
2023/12/21,115,8,10,11, , 
2023/12/22,132,10,13,11, , 
2023/12/23,152,9,7,11, , 
2023/12/24,157, , , , , 
2023/12/25,146, , , , , 
2023/12/26,184,2,17,12, , 
2023/12/27,238,12,16,12, , 
2023/7/1,85, ,9,9, , 
2023/7/2,77, ,13,9, , 
2023/7/3,67, ,10,9, , 
2023/7/4,82, ,12,9, , 
2023/7/5,79, ,8,9, , 
2023/7/6,43, ,9,10, , 
2023/7/7,12, ,8,9, , 
2023/7/8,11, ,11,9, , 
2023/7/9,10, ,12,9, , 
2023/7/10,46,6,12,9, , 
2023/7/11,74,4,13,9, , 
2023/7/12,65,6,14,9, , 
2023/7/13,92,4,11,9, , 
2023/7/14,73,5,12,9, , 
2023/7/15,90,8,12,9, , 
2023/7/16,107,10,13,9, , 
2023/7/17,122,7,10,9, , 
2023/7/18,97,4,14,9, , 
2023/7/19,94,3,12,9, , 
2023/7/20,118,3,11,9, , 
2023/7/21,106,2,10,9, , 
2023/7/22,76,2,8,9, , 
2023/7/23,63,2,11,9, , 
2023/7/24,64,2,11,9, , 
2023/7/25,62,5,12,9, , 
2023/7/26,72,7,13,9, , 
2023/7/27,94,4,13,9, , 
2023/7/28,94,7,11,9, , 
2023/7/29,105,3,12,9, , 
2023/7/30,97,2,13,9, , 
2023/7/31,80,3,13,9, , 
2023/8/1,74,2,12,9, , 
2023/8/2,102,3,9,9, , 
2023/8/3,89,2,11,9, , 
2023/8/4,70,2,10,9, , 
2023/8/5,63,2,11,9, , 
2023/8/6,65,2,12,9, , 
2023/8/7,63,2,13,9, , 
2023/8/8,66,3,11,9, , 
2023/8/9,91,2,13,10, , 
2023/8/10,112,2,14,10, , 
2023/8/11,127,2,12,10, , 
2023/8/12,105,4,10,9, , 
2023/8/13,113,4,14,9, , 
2023/8/14,72,4,13,9, , 
2023/8/15,90,2,16,9, , 
2023/8/16,113,5,13,10, , 
2023/8/17,107,4,12,9, , 
2023/8/18,96,2,17,10, , 
2023/8/19,128,2,12,9, , 
2023/8/20,91,2,15,10, , 
2023/8/21,84,3,14,10, , 
2023/8/22,91,6,12,9, , 
2023/8/23,89,3,13,9, , 
2023/8/24,98,3,11,9, , 
2023/8/25,96,3,12,10, , 
2023/8/26,83,4,12,10, , 
2023/8/27,97,3,10,10, , 
2023/8/28,69,3,9,9, , 
2023/8/29,82,7,9,9, , 
2023/8/30,86,10,13,9, , 
2023/8/31,120,9,11,9, , 
2023/9/1,133,9,10,9, , 
2023/9/2,121,6,10,10, , 
2023/9/3,103,3,8,9, , 
2023/9/4,67,3,11,9, , 
2023/9/5,82,4,11,10, , 
2023/9/6,124,7,9,9, , 
2023/9/7,125,5,8,9, , 
2023/9/8,85,4,10,9, , 
2023/9/9,104,4,9,9, , 
2023/9/10,124,4,12,9, , 
2023/9/11,124,2,14,9, , 
2023/9/12,128,3,7,9, , 
2023/9/13,68,3,6,9, , 
2023/9/14,56,3,8,9, , 
2023/9/15,74,3,10,9, , 
2023/9/16,97,2,11,9, , 
2023/9/17,109,2,13,9, , 
2023/9/18,88,2,11,9, , 
2023/9/19,69,2,9,9, , 
2023/9/20,75,2,9,9, , 
2023/9/21,75,2,10,9, , 
2023/9/22,75,2,11,10, , 
2023/9/23,77,2,12,9, , 
2023/9/24,91,3,10,10, , 
2023/9/25,112,2,9,10, , 
2023/9/26,109,2,8,9, , 
2023/9/27,72,2,9,10, , 
2023/9/28,74,2,11,10, , 
2023/9/29,114,3,9,10, , 
2023/9/30,138,2,11,10, , 
2023/4/1,125,3,11,9, , 
2023/4/2,94,4,11,9, , 
2023/4/3,94,4,13,9, , 
2023/4/4,126,4,13,9, , 
2023/4/5,139,5,12,9, , 
2023/4/6,135,4,14,8, , 
2023/4/7,128,6,10,8, , 
2023/4/8,132,3,12,9, , 
2023/4/9,144,2,14,9, , 
2023/4/10,153,2,14,9, , 
2023/4/11,142,3,14,9, , 
2023/4/12,121,3,12,8, , 
2023/4/13,90,4,14,9, , 
2023/4/14,102,4,13,9, , 
2023/4/15,133,3,15,8, , 
2023/4/16,137,4,11,8, , 
2023/4/17,140,5,10,8, , 
2023/4/18,119,7,12,8, , 
2023/4/19,144,7,17,9, , 
2023/4/20,146,7,17,9, , 
2023/4/21,153,7,10,8, , 
2023/4/22,141,7,9,8, , 
2023/4/23,126,7,9,8, , 
2023/4/24,103,6,11,8, , 
2023/4/25,73,4,13,8, , 
2023/4/26,100,5,14,9, , 
2023/4/27,115,4,9,9, , 
2023/4/28,90,4,11,9, , 
2023/4/29,79,4,11,9, , 
2023/4/30,96,9,11,8, , 
2023/5/1,130,6,9,9, , 
2023/5/2,103,5,6,8, , 
2023/5/3,80,8,7,8, , 
2023/5/4,91,9,11,9, , 
2023/5/5,109,12,10,9, , 
2023/5/6,132,10,9,9, , 
2023/5/7,118,28,12,9, , 
2023/5/8,83,10,13,9, , 
2023/5/9,105,13,11,9, , 
2023/5/10,82,24,14,9, , 
2023/5/11,66,5,11,9, , 
2023/5/12,73,7,8,9, , 
2023/5/13,76,7,11,9, , 
2023/5/14,82,13,12,9, , 
2023/5/15,90,14,10,9, , 
2023/5/16,97,15,12,9, , 
2023/5/17,123,14,10,9, , 
2023/5/18,143,15,19,9, , 
2023/5/19,138,41,10,9, , 
2023/5/20,132,41,9,9, , 
2023/5/22,148,41,12,9, , 
2023/5/23,124,30,9,9, , 
2023/5/24,124,21,15,9, , 
2023/5/25,78,18,11,9, , 
2023/5/26,83,24,9,9, , 
2023/5/27,72,22,7,9, , 
2023/5/28,66,31,14,9, , 
2023/5/29,88,20,14,9, , 
2023/5/30,88,16,12,9, , 
2023/5/31,123,32,10,9, , 
2023/6/1,104,37,14,9, , 
2023/6/2,109,13,11,9, , 
2023/6/3,89,14,13,9, , 
2023/6/4,104,11,14,9, , 
2023/6/5,106,14,9,9, , 
2023/6/6,101,24,10,9, , 
2023/6/7,111,16,13,9, , 
2023/6/8,128,10,10,9, , 
2023/6/9,71,9,14,9, , 
2023/6/10,118,11,8,9, , 
2023/6/11,136,8,13,9, , 
2023/6/12,120,10,9,9, , 
2023/6/13,88,6,8,9, , 
2023/6/14,75,16,11,9, , 
2023/6/15,69,57,15,9, , 
2023/6/16,85, ,10,9, , 
2023/6/17,72, ,9,9, , 
2023/6/18,65, ,12,9, , 
2023/6/19,80,8,13,9, , 
2023/6/20,72,52,13,9, , 
2023/6/22,114,5,9,9, , 
2023/6/23,64, ,10,9, , 
2023/6/24,68, ,9,9, , 
2023/6/25,61, ,12,9, , 
2023/6/26,75, ,12,9, , 
2023/6/27,70, ,8,9, , 
2023/6/28,59, ,7,9, , 
2023/6/29,65, ,11,9, , 
2023/6/30,76, ,11,9, , 
2023/1/2,167,1,13, , , 
2023/1/3,150,1,16,9, , 
2023/1/4,172,1,13,9, , 
2023/1/5,157,3,9, , , 
2023/1/6,133,3,16,9, , 
2023/1/7,156,4,19,9, , 
2023/1/8,182,4,17,9, , 
2023/1/9,184, ,13,9, , 
2023/1/10,185, ,9,9, , 
2023/1/11,152, ,9,9, , 
2023/1/12,105, ,10,9, , 
2023/1/13,118,4,10,9, , 
2023/1/14,154,1,7,9, , 
2023/1/15,125,2,6,8, , 
2023/1/16,96,2,3,9, , 
2023/1/17,137,3,3,9, , 
2023/1/18,141,2,4,9, , 
2023/1/19,168,2,4,9, , 
2023/1/20,179,6,6,9, , 
2023/1/21,193,3,6,9, , 
2023/1/22,189,1,7,9, , 
2023/1/23,158,4,4,8, , 
2023/1/24,105,4,6, , , 
2023/1/25,150,2,3,9, , 
2023/1/26,160,3,4,9, , 
2023/1/27,148,5,5,9, , 
2023/1/28,143,6,7,9, , 
2023/1/29,163,5,12,9, , 
2023/1/30,181,2,16,9, , 
2023/1/31,156,2,15,9, , 
2023/2/1,148, ,12,9, , 
2023/2/2,151, , , , , 
2023/2/3,106, , , , , 
2023/2/4,99, , , , , 
2023/2/5,78, , , , , 
2023/2/6,87, , , , , 
2023/2/7,81, , , , , 
2023/2/8,72, , , , , 
2023/2/9,78,2,10,10, , 
2023/2/10,86,2,7,10, , 
2023/2/11,99,2,9,9, , 
2023/2/12,116,2,13,9, , 
2023/2/13,114,2,10,9, , 
2023/2/14,108,4,10,10, , 
2023/2/15,120,4,12,10, , 
2023/2/16,152,3,18,10, , 
2023/2/17,170,2,19,10, , 
2023/2/18,135,2,11,10, , 
2023/2/19,153,7,13,10, , 
2023/2/20,139,4,21,10, , 
2023/2/21,154,5,17,10, , 
2023/2/22,115,3,18,10, , 
2023/2/23,118, , , , , 
2023/2/24,112,8,14,10, , 
2023/2/25,99,10,14,10, , 
2023/2/26,145,8,19,10, , 
2023/2/27,160,5,20,10, , 
2023/2/28,151,2,17,10, , 
2023/3/1,153,10,17,11, , 
2023/3/2,180,6,20,9, , 
2023/3/3,172, ,11,8, , 
2023/3/4,150, ,14,8, , 
2023/3/5,169,7,17,8, , 
2023/3/6,158,7,14,8, , 
2023/3/7,121,5,17,8, , 
2023/3/8,133,7,13,8, , 
2023/3/9,165,4,14,8, , 
2023/3/10,164,2,15,8, , 
2023/3/11,144,6,15,9, , 
2023/3/12,148,7,7,8, , 
2023/3/13,119,8,12,8, , 
2023/3/14,153,4,16,9, , 
2023/3/15,148,4,11,9, , 
2023/3/16,94,3,11,9, , 
2023/3/20,114,3,13,9, , 
2023/3/21,124,6,13,8, , 
2023/3/22,157,5,14,8, , 
2023/3/23,146,4,14,9, , 
2023/3/24,147,4,11,8, , 
2023/3/25,122,2,8,9, , 
2023/3/26,88,2,8,9, , 
2023/3/27,73,2,9,9, , 
2023/3/28,97,2,9,9, , 
2023/3/29,92,2,11,9, , 
2023/3/30,112,2,18,10, , 
2023/3/31,157,2,16,10, , 
2022/10/1,85,1,9,8, , 
2022/10/25,140,4,15,8, , 
2022/10/26,161,1,14,8, , 
2022/10/27,99,2,20,8, , 
2022/10/28,123,8,18,8, , 
2022/10/29,163,6,13,8, , 
2022/10/30,154,4,9, , , 
2022/10/31,90,5,12,8, , 
2022/11/1,92,6,17,8, , 
2022/11/2,139,7,20,9, , 
2022/11/3,169,6,18,9, , 
2022/11/4,159,7,14,8, , 
2022/11/5,155,8,15,8, , 
2022/11/6,157,2,21,9, , 
2022/11/7,159,7,16,9, , 
2022/11/8,170,7,15,9, , 
2022/11/9,158, ,16,9, , 
2022/11/10,136, ,15,9, , 
2022/11/11,128,1,14,9, , 
2022/11/12,117,1,15,9, , 
2022/11/13,129,1,16,9, , 
2022/11/14,123, ,13,9, , 
2022/11/15,113,1,12,9, , 
2022/11/16,96,1,9,9, , 
2022/11/17,77,1,11,9, , 
2022/11/18,83,1,12,8, , 
2022/11/19,96,2,10,8, , 
2022/11/20,113,1,16,8, , 
2022/11/21,145,2,13,8, , 
2022/11/22,156,2,11,8, , 
2022/11/23,145, ,8,8, , 
2022/11/24,94, ,9,8, , 
2022/11/25,107, ,8,8, , 
2022/11/26,118, ,7,8, , 
2022/11/27,78,1,9,8, , 
2022/11/28,74,1,9,8, , 
2022/11/29,82,1,7,8, , 
2022/11/30,69, ,5,8, , 
2022/12/1,62,1,6,8, , 
2022/12/2,71,1,10,8, , 
2022/12/3,109, ,6,8, , 
2022/12/4,89,1,7,8, , 
2022/12/5,71,1,12,8, , 
2022/12/6,136,2,10,8, , 
2022/12/7,160, ,8,8, , 
2022/12/8,131, ,7,8, , 
2022/12/9,137, ,7,8, , 
2022/12/10,128,2,12,8, , 
2022/12/11,157,6,14,8, , 
2022/12/12,156,4,20,8, , 
2022/12/13,168,6,15,8, , 
2022/12/14,168,5,21,9, , 
2022/12/15,179,8,19,9, , 
2022/12/16,203,5,11,8, , 
2022/12/17,147,6,11,8, , 
2022/12/18,117,5,18,8, , 
2022/12/19,180,3,22,8, , 
2022/12/20,188,7,18,9, , 
2022/12/21,172,6,18,8, , 
2022/12/22,180,3,20,8, , 
2022/12/23,148,6,19,9, , 
2022/12/24,160,3,19,9, , 
2022/12/25,155,2,19,9, , 
2022/12/26,176,1,19,9, , 
2022/12/27,140,1,12,8, , 
2022/12/28,116,2,7, , , 
2022/12/29,105,1,9, , , 
2022/12/30,123,1,10,9, , 
2022/12/31,154,4,14,9, , 
2023/1/1,156,3,12,9, , 
2022/7/1,87,4,10,7, , 
2022/7/2,72,3,9,7, , 
2022/7/3,74,4,9,7, , 
2022/7/4,110,2,12,7, , 
2022/7/5,92,3,13,7, , 
2022/7/6,108,2,10,7, , 
2022/7/7,67,2,12,7, , 
2022/7/8,83,2,11,7, , 
2022/7/9,95,3,9,7, , 
2022/7/10,96,2,11,7, , 
2022/7/11,80,2,11,7, , 
2022/7/12,76,2,10,7, , 
2022/7/13,74,2,10,7, , 
2022/7/14,85,2,10,7, , 
2022/7/15,66,2,9,7, , 
2022/7/16,65,2,9,7, , 
2022/7/17,74,2,12,7, , 
2022/7/18,84,1,10,7, , 
2022/7/19,71,2,10,7, , 
2022/7/20,67,2,9,7, , 
2022/7/21,82, ,10,7, , 
2022/7/22,68, ,10,7, , 
2022/7/23,84, ,8,7, , 
2022/7/24,67, ,9,7, , 
2022/7/25,69, ,9,7, , 
2022/7/26,72, ,8,7, , 
2022/7/27,74, ,11,7, , 
2022/7/28,91,1,12,7, , 
2022/7/29,101,2,13,7, , 
2022/7/30,98, ,12,7, , 
2022/7/31,74,1,12,7, , 
2022/8/1,76,1,13,7, , 
2022/8/2,76,1,13,7, , 
2022/8/3,84,1,13,7, , 
2022/8/4,82,1,13,7, , 
2022/8/5,85, ,12,7, , 
2022/8/6,70,1,11,7, , 
2022/8/7,84,2,9,7, , 
2022/8/8,83,2,10,7, , 
2022/8/9,81,2,9,7, , 
2022/8/10,89,2,7,7, , 
2022/8/11,54,2,12,7, , 
2022/8/12,77,3,13,7, , 
2022/8/13,103,2,10,7, , 
2022/8/14,75,2,11,7, , 
2022/8/15,73,3,13,7, , 
2022/8/16,87,2,11,7, , 
2022/8/17,81,4,12,7, , 
2022/8/18,101,5,13,7, , 
2022/8/19,111,2,10,7, , 
2022/8/20,73,2,8,7, , 
2022/8/21,68,1,10,7, , 
2022/8/22,59,2,11,7, , 
2022/8/23,91,5,13,7, , 
2022/8/24,134,2,12,7, , 
2022/8/25,93,2,7,7, , 
2022/8/26,56,2,10,7, , 
2022/8/27,69,2,8,7, , 
2022/8/28,76,2,8,7, , 
2022/8/29,68,2,11,7, , 
2022/8/30,76,2,15,7, , 
2022/8/31,100,3,9,7, , 
2022/9/1,93,4,9,7, , 
2022/9/2,104,4,13,7, , 
2022/9/3,124,3,9,7, , 
2022/9/4,95,4,12,7, , 
2022/9/5,83,7,14,7, , 
2022/9/6,110,6,15,7, , 
2022/9/7,149,2,8,7, , 
2022/9/8,82,2,11,7, , 
2022/9/9,98,3,12,7, , 
2022/9/10,121,2,13,7, , 
2022/9/11,96,4,15,7, , 
2022/9/12,104,7,12,7, , 
2022/9/13,133,7,15,7, , 
2022/9/14,150,3,15,7, , 
2022/9/15,122,1,13,7, , 
2022/9/16,99,1,14,8, , 
2022/9/17,106,6,15,8, , 
2022/9/18,133,5,14,7, , 
2022/9/19,107,4,12,8, , 
2022/9/20,120,2,12,8, , 
2022/9/21,110,2,14,8, , 
2022/9/22,82,5,11,7, , 
2022/9/23,98,4,10, , , 
2022/9/24,111,4,9,7, , 
2022/9/25,110,5,14,7, , 
2022/9/26,127,6,14,8, , 
2022/9/27,153,2,11,8, , 
2022/9/28,152,2,11,8, , 
2022/9/29,113,1,9,8, , 
2022/9/30,83,2,9,8, , 
2022/5/8,7,2,6,6, , 
2022/5/9,24,2,5,6, , 
2022/5/10,89,2,6,6, , 
2022/5/11,110,3,9,7, , 
2022/5/12,83,3,9,6, , 
2022/5/13,91,4,5,7, , 
2022/5/14,98, , , , , 
2022/5/15,77, , , , , 
2022/5/16,60, , , , , 
2022/5/17,104, , , , , 
2022/5/18,91, , , , , 
2022/5/19,82, , , , , 
2022/5/20,89, , , , , 
2022/5/21,119, , , , , 
2022/5/22,102, , , , , 
2022/5/23,59, , , , , 
2022/5/24,60, , , , , 
2022/5/25,119, , , , , 
2022/5/26,107, , , , , 
2022/5/27,88, , , , , 
2022/5/28,87, , , , , 
2022/5/29,88, , , , , 
2022/5/30,94, , , , , 
2022/5/31,78, , , , , 
2022/6/1,77, , , , , 
2022/6/2,80, , , , , 
2022/6/3,73, , , , , 
2022/6/4,88, , , , , 
2022/6/5,118, , , , , 
2022/6/6,80, , , , , 
2022/6/7,72, , , , , 
2022/6/8,98, , , , , 
2022/6/9,123, , , , , 
2022/6/10,97, , , , , 
2022/6/11,139, , , , , 
2022/6/12,110, , , , , 
2022/6/13,95, , , , , 
2022/6/14,64, , , , , 
2022/6/15,70, , , , , 
2022/6/16,73, , , , , 
2022/6/17,67,2,8,7, , 
2022/6/18,76,3,7,6, , 
2022/6/19,85,3,7,6, , 
2022/6/20,89,3,9,6, , 
2022/6/21,99,2,9,7, , 
2022/6/22,97,3,10,7, , 
2022/6/23,99,4,12,7, , 
2022/6/24,93,2,9,7, , 
2022/6/25,68,2,8,6, , 
2022/6/26,88,2,9,7, , 
2022/6/27,72,2,10,6, , 
2022/6/28,99,5,16,7, , 
2022/6/29,123,6,12,7, , 
2022/6/30,100,2,14,7, , 
2022/1/3,178,5,18,6, , 
2022/1/4,194,3,15,6, , 
2022/1/5,124,2,12,6, , 
2022/1/6,97,4,14,6, , 
2022/1/7,112,4,13,7, , 
2022/1/8,131,2,6,5, , 
2022/1/9,104,1,5,5, , 
2022/1/10,98,4,10,6, , 
2022/1/11,102,1,17,8, , 
2022/1/12,129,2,10,6, , 
2022/1/13,136,1,16,8, , 
2022/1/14,174,2,14,6, , 
2022/1/15,176,2,12,5, , 
2022/1/16,149,2,5,5, , 
2022/1/17,63,7,11,6, , 
2022/1/18,115,6,13,7, , 
2022/1/19,125,2,16,6, , 
2022/1/20,136,1,15,7, , 
2022/1/21,156,1,13,6, , 
2022/1/22,153,2,12,6, , 
2022/1/23,150,2,12,5, , 
2022/1/24,96,2,9,5, , 
2022/1/25,86,2,10,5, , 
2022/1/26,89,3,9,5, , 
2022/1/27,77,4,9,5, , 
2022/1/28,78,3,6,5, , 
2022/1/29,78,3,5,5, , 
2022/1/30,72,4,3,5, , 
2022/1/31,54,4,2, , , 
2022/2/1,66,3,2, , , 
2022/2/2,49,5,3, , , 
2022/2/3,62,6,4,5, , 
2022/2/4,91,6,7,5, , 
2022/2/5,117,4,8,5, , 
2022/2/6,133,3,8,6, , 
2022/2/7,122,2,8,5, , 
2022/2/8,80,1,5,5, , 
2022/2/9,47,1,7,5, , 
2022/2/10,91,1,10,6, , 
2022/2/11,111,1,6,6, , 
2022/2/12,72,2,4,5, , 
2022/2/13,43,4,10,6, , 
2022/2/14,94,2,11,7, , 
2022/2/15,118,1,11,6, , 
2022/2/16,133,1,17,6, , 
2022/2/17,134, ,12, , , 
2022/2/18,69,4,5,5, , 
2022/2/19,39,5,4, , , 
2022/2/20,30,5,5,5, , 
2022/2/21,43,4,4,5, , 
2022/2/22,46,6,7,6, , 
2022/2/23,82,7,10,6, , 
2022/2/24,96,6,16,7, , 
2022/2/25,143,7,17,7, , 
2022/2/26,162,9,15,6, , 
2022/2/27,187,6,16,7, , 
2022/2/28,165,5,16,6, , 
2022/3/1,155,6,15,6, , 
2022/3/2,152,3,13,7, , 
2022/3/3,133,2,11,6, , 
2022/3/4,94,2,11,6, , 
2022/3/5,83,2,10,6, , 
2022/3/6,75,5,14,6, , 
2022/3/7,107,7,15,6, , 
2022/3/8,123,6,15,6, , 
2022/3/9,96,2,14,6, , 
2022/3/10,85,2,14,6, , 
2022/3/11,76,3,9,6, , 
2022/3/12,81,2,10, , , 
2022/3/13,76,2,12,6, , 
2022/3/14,79,4,16,6, , 
2022/3/15,141,2,11,6, , 
2022/3/16,98,3,10,6, , 
2022/3/17,86,3,13,6, , 
2022/3/18,110,2,9,6, , 
2022/3/19,90,2,7, , , 
2022/3/20,85,3,9,6, , 
2022/3/21,93,4,11,6, , 
2022/3/22,105,3,6,6, , 
2022/3/27,86,2,12,6, , 
2022/3/28,75,1,17,8, , 
2021/10/1,94,7,7,5, , 
2021/10/2,80,12,8,5, , 
2021/10/3,109,12,9,5, , 
2021/10/4,88,10,9,5, , 
2021/10/5,94,14,9,5, , 
2021/10/6,117,17,9,5, , 
2021/10/7,138,16,7,5, , 
2021/10/8,123,9,5,5, , 
2021/10/9,90,8,2,4, , 
2021/10/10,45,7,4,4, , 
2021/10/11,42,12,4,5, , 
2021/10/12,62,4,5,5, , 
2021/10/13,63,5,3,4, , 
2021/10/14,40,4,4,4, , 
2021/10/15,34,7,4,4, , 
2021/10/16,35,6,4, , , 
2021/10/17,45,3,5, , , 
2021/10/18,43,4,11,4, , 
2021/10/19,86,8,12,5, , 
2021/10/20,110,6,6,5, , 
2021/10/21,67,9,5,5, , 
2021/10/22,53,14,9,5, , 
2021/10/23,98,17,8,5, , 
2021/10/24,116,22,14,5, , 
2021/10/25,143,26,17,7, , 
2021/10/26,99,26,15,5, , 
2021/10/27,15,8,12,5, , 
2021/10/29,61,7,4, , , 
2021/10/30,35,5,5,5, , 
2021/10/31,83,3,6,5, , 
2021/11/1,44,3,6,5, , 
2021/11/2,71,4,13,5, , 
2021/11/3,95,5,10,5, , 
2021/11/4,76,5,8,5, , 
2021/11/5,77,2,8,5, , 
2021/11/6,76,3,8,5, , 
2021/11/7,83,5,5,5, , 
2021/11/8,54,7,10,5, , 
2021/11/9,87,8,10,5, , 
2021/11/10,93,9,13,5, , 
2021/11/11,134,9,10,6, , 
2021/11/12,132,10,8,5, , 
2021/11/13,110,10,11,6, , 
2021/11/14,150,6,18,7, , 
2021/11/15,165,3,15,6, , 
2021/11/16,171,3,8,5, , 
2021/11/17,121,6,5,5, , 
2021/11/18,65,3,18,6, , 
2021/11/19,158,3,9,5, , 
2021/11/20,100,3,7,5, , 
2021/11/21,79,5,6,5, , 
2021/11/22,55,5,6,5, , 
2021/11/23,65,6,7,5, , 
2021/11/24,83,4,12,5, , 
2021/11/25,111,6,12,6, , 
2021/11/26,142,11,10,6, , 
2021/11/27,146,3,10,6, , 
2021/11/28,154,10,24,6, , 
2021/11/29,164,9,11,8, , 
2021/11/30,130,10,11,6, , 
2021/12/1,122,11,15,7, , 
2021/12/2,151,10,18,6, , 
2021/12/3,154,10,22,6, , 
2021/12/4,166,12,17,6, , 
2021/12/5,171,11,18,6, , 
2021/12/6,174,9,19,8, , 
2021/12/7,176,8,21,8, , 
2021/12/8,184,6,14,6, , 
2021/12/9,173,8,15,6, , 
2021/12/10,169,6,17,5, , 
2021/12/11,154,9,11,6, , 
2021/12/12,153,5,9,6, , 
2021/12/13,90,15,15,6, , 
2021/12/14,162,5,20,7, , 
2021/12/15,196,6,19,5, , 
2021/12/16,170,6,11,6, , 
2021/12/17,154,7,8,6, , 
2021/12/18,108,5,11,6, , 
2021/12/19,135,6,12,7, , 
2021/12/20,158,6,14,5, , 
2021/12/21,142,6,18,6, , 
2021/12/22,181,5,18,7, , 
2021/12/23,161,5,17,7, , 
2021/12/24,175,4,17,6, , 
2021/12/25,181,4,11,7, , 
2021/12/26,152,1,5,5, , 
2021/12/27,63,4,7,5, , 
2021/12/28,99,2,7,6, , 
2021/12/29,111,4,6,5, , 
2021/12/30,84,2,8,5, , 
2021/12/31,103,2,6,6, , 
2022/1/1,147,5,11,6, , 
2022/1/2,107,3,15,6, , 
2021/7/1,58,7,5, , , 
2021/7/2,57,9,4,4, , 
2021/7/3,81,9,4,4, , 
2021/7/4,76,8,5,3, , 
2021/7/5,62,10,5,4, , 
2021/7/6,61,8, ,4, , 
2021/7/7,83,8, ,3, , 
2021/7/8,60,6, , , , 
2021/7/9,56,7, ,4, , 
2021/7/10,62,7, , , , 
2021/7/11,58,7,8,5, , 
2021/7/12,60,7,7,4, , 
2021/7/13,61,7,7,4, , 
2021/7/14,58,7,7,4, , 
2021/7/15,54,7,9,4, , 
2021/7/16,72,6,9,4, , 
2021/7/17,70,7,9,4, , 
2021/7/18,64,6,11,4, , 
2021/7/19,106,10,9,4, , 
2021/7/20,112,9,7,4, , 
2021/7/21,66,8,10,4, , 
2021/7/22,96,7,7,4, , 
2021/7/23,61,7,5,4, , 
2021/7/24,73,11,6,4, , 
2021/7/25,82,15,5,4, , 
2021/7/26,74,11,5,4, , 
2021/7/27,57,11,6,4, , 
2021/7/28,79,11,6,4, , 
2021/7/29,109,12,6,4, , 
2021/7/30,102,12,7,4, , 
2021/7/31,96,8,4,4, , 
2021/8/1,36,11,8,4, , 
2021/8/2,71,15,9,4, , 
2021/8/3,92,14,5,4, , 
2021/8/4,113,13,6,4, , 
2021/8/5,106,10,6,4, , 
2021/8/6,105,11,5,5, , 
2021/8/7,66,9,6,4, , 
2021/8/8,110,9,7,4, , 
2021/8/9,151,8,7,4, , 
2021/8/10,56,8,5,4, , 
2021/8/11,48,8,6,4, , 
2021/8/12,63,7,6,4, , 
2021/8/13,72,9,5,4, , 
2021/8/14,61,8,6,4, , 
2021/8/15,79,8,6,4, , 
2021/8/16,64,9,5,4, , 
2021/8/17,69,8,6,4, , 
2021/8/18,55,8,6,4, , 
2021/8/19,54,9,5,4, , 
2021/8/20,65,10,4, , , 
2021/8/21,65,9,3, , , 
2021/8/22,72,9,6,5, , 
2021/8/23,84,8,6,5, , 
2021/8/24,89,7,4,4, , 
2021/8/25,66,7,6,4, , 
2021/8/26,64,8,6,4, , 
2021/8/27,55,10,5,4, , 
2021/8/28,57,12,5,5, , 
2021/8/29,80,9,4,4, , 
2021/8/30,93,10,6,5, , 
2021/8/31,74,14,6,5, , 
2021/9/1,83,11,4,4, , 
2021/9/2,69,10,5,5, , 
2021/9/3,92,11,5,4, , 
2021/9/4,73,8,4,4, , 
2021/9/5,47,14,6,4, , 
2021/9/6,78,7,6,4, , 
2021/9/7,95,8,5,4, , 
2021/9/8,67,10,6,4, , 
2021/9/9,45,14,6,4, , 
2021/9/10,94,23,6,4, , 
2021/9/11,93,42,6,5, , 
2021/9/12,145,14,6,4, , 
2021/9/13,128,8,6,4, , 
2021/9/14,82,7,7,4, , 
2021/9/15,68,7,8,4, , 
2021/9/16,64,7,6,4, , 
2021/9/17,47,7,6,5, , 
2021/9/18,58,7,4,4, , 
2021/9/19,70,13,6,5, , 
2021/9/20,97,11,9,5, , 
2021/9/21,115,7,9,6, , 
2021/9/22,92,10,9,5, , 
2021/9/23,90,7,6,4, , 
2021/9/24,79,7,6,4, , 
2021/9/25,62,8,6,4, , 
2021/9/26,72,13,8,4, , 
2021/9/27,73,15,8,4, , 
2021/9/28,112,22,9,5, , 
2021/9/29,124,19,9,5, , 
2021/9/30,101,8,9,5, , 
2021/4/1,107,6,6,3, , 
2021/4/2,85,6,6,3, , 
2021/4/3,86,6,6,3, , 
2021/4/4,117,3,7,4, , 
2021/4/5,122,9,6,4, , 
2021/4/6,131,7,6,3, , 
2021/4/7,101,7,6,3, , 
2021/4/8,91,3,6,4, , 
2021/4/9,95,3,6,4, , 
2021/4/10,129,5,6,4, , 
2021/4/11,123,6,6,3, , 
2021/4/12,75,7,6,3, , 
2021/4/13,70,7,6,4, , 
2021/4/14,74,8,6,3, , 
2021/4/15,69,8,6,4, , 
2021/4/16,70,7,6,3, , 
2021/4/17,76,3,6,4, , 
2021/4/18,114,6,6,4, , 
2021/4/19,83,8,6,4, , 
2021/4/20,70,9,6,3, , 
2021/4/21,73,10,6, , , 
2021/4/22,71,9,6, , , 
2021/4/23,70,9,6,4, , 
2021/4/24,85,10,6,4, , 
2021/4/25,72,9,6,4, , 
2021/4/26,78,3,7,5, , 
2021/4/27,103,6,6,4, , 
2021/4/28,97,15,7,4, , 
2021/4/29,77, , , , , 
2021/4/30,113, , , , , 
2021/5/1,103, , , , , 
2021/5/2,77, , , , , 
2021/5/3,67,7,6,3, , 
2021/5/4,74,9,6,4, , 
2021/5/5,62,9,6,4, , 
2021/5/6,96,8,6,4, , 
2021/5/7,88,8,6,4, , 
2021/5/8,83,9,6,4, , 
2021/5/9,73,9,6, , , 
2021/5/10,85,13,6,3, , 
2021/5/11,89,9,6,4, , 
2021/5/12,84,10,6,4, , 
2021/5/13,82,9,6,4, , 
2021/5/14,70,10,6,4, , 
2021/5/15,72,12,6,4, , 
2021/5/16,83,12,6,4, , 
2021/5/17,63,12,6,4, , 
2021/5/18,54,9,6,4, , 
2021/5/19,73,11,6,4, , 
2021/5/20,81,11,6,4, , 
2021/5/21,82,13,6,4, , 
2021/5/22,79,16,6,4, , 
2021/5/23,68,13,7,5, , 
2021/5/24,54,6,6,4, , 
2021/5/25,64,9,6,4, , 
2021/5/26,95,10,6,4, , 
2021/5/27,60,9,6,4, , 
2021/5/28,74,9,6, , , 
2021/5/29,98,12,6,4, , 
2021/5/30,90,11,6,4, , 
2021/5/31,99,9,6,4, , 
2021/6/1,88,13,6,4, , 
2021/6/2,104,12,6,4, , 
2021/6/3,118,8,6,5, , 
2021/6/4,78,13,7,5, , 
2021/6/5,131,10,7,4, , 
2021/6/6,178,9,7,5, , 
2021/6/7,111,9,7,4, , 
2021/6/8,85,9,7,4, , 
2021/6/9,84,9,7,5, , 
2021/6/10,73,9,8,4, , 
2021/6/11,66,8,6,5, , 
2021/6/12,72,8,6,4, , 
2021/6/13,39,9,6,5, , 
2021/6/14,62,9,7,5, , 
2021/6/15,62,9,6,4, , 
2021/6/16,63,11,6,3, , 
2021/6/17,66,12,6,3, , 
2021/6/18,62,10,6,3, , 
2021/6/19,59,8,6, , , 
2021/6/20,61,10,6, , , 
2021/6/21,80,11,6,3, , 
2021/6/22,124,9,6,3, , 
2021/6/23,69,9,6,3, , 
2021/6/24,85,8,5,4, , 
2021/6/25,85,9,5,3, , 
2021/6/26,43,9,5,3, , 
2021/6/27,57,8, ,3, , 
2021/6/28,54,7, , , , 
2021/6/29,63,8,5,4, , 
2021/6/30,58,8,5,3, , 
2021/1/4,187,4,12,3, , 
2021/1/5,232,6,6,2, , 
2021/1/6,179,2,6,2, , 
2021/1/7,160,4,3,1, , 
2021/1/8,72,4,5,1, , 
2021/1/9,111,4,6,1, , 
2021/1/10,128,6,6,2, , 
2021/1/11,133,8,9,2, , 
2021/1/12,138,6,12,5, , 
2021/1/13,173,9,14,6, , 
2021/1/14,181,1,13,3, , 
2021/1/15,203,1,11,5, , 
2021/1/16,222,4,5,2, , 
2021/1/17,170,9,8,1, , 
2021/1/18,140,6,11,3, , 
2021/1/19,168,3,12,3, , 
2021/1/20,193,1,6,2, , 
2021/1/21,229,3, ,2, , 
2021/1/22,199,2, ,2, , 
2021/1/23,206,5, ,2, , 
2021/1/24,188,2,11,1, , 
2021/1/25,151,3,8,1, , 
2021/1/26,121,4,10,1, , 
2021/1/27,108,1,7,1, , 
2021/1/28,116, ,8,3, , 
2021/1/29,163, ,16,2, , 
2021/1/30,182,1,10,3, , 
2021/1/31,164,1,9,5, , 
2021/2/1,120,2,11,4, , 
2021/2/2,112,6,14,4, , 
2021/2/3,123,5,16,4, , 
2021/2/4,121,4,16,4, , 
2021/2/5,126,7,16,4, , 
2021/2/6,137,5,15,4, , 
2021/2/7,141,7,11,4, , 
2021/2/8,139,9,8,3, , 
2021/2/9,77,10,10,4, , 
2021/2/10,134,14,9,4, , 
2021/2/11,105,12,9,3, , 
2021/2/12,105,13,9,3, , 
2021/2/13,96,11,11,4, , 
2021/2/14,116,7,10,4, , 
2021/2/15,119,6,10,4, , 
2021/2/16,120,6,9,4, , 
2021/2/17,111,6,6,5, , 
2021/2/18,138,9,5,5, , 
2021/2/19,161,13,4,5, , 
2021/2/20,150,14,4,4, , 
2021/2/21,134,7,4,4, , 
2021/2/22,114,6,3,3, , 
2021/2/23,119,8, ,3, , 
2021/2/24,96,4, ,3, , 
2021/2/25,87,3, ,3, , 
2021/2/26,95,2, ,3, , 
2021/2/27,109, , ,3, , 
2021/2/28,130,2,2,3, , 
2021/3/1,122,2,6,3, , 
2021/3/2,100,2,6,3, , 
2021/3/3,153,2,6,3, , 
2021/3/4,134,2,6,3, , 
2021/3/5,105,4,6,3, , 
2021/3/6,117,5,6,3, , 
2021/3/7,120,4,6,3, , 
2021/3/8,138,3,6,3, , 
2021/3/9,78,4,6,3, , 
2021/3/10,75,4,6,3, , 
2021/3/11,86,4,6,3, , 
2021/3/12,101,3,7,3, , 
2021/3/13,119,6,7,3, , 
2021/3/14,120,6,6,3, , 
2021/3/15,95,4,6,3, , 
2021/3/16,88,3,6,3, , 
2021/3/17,96,4,6,3, , 
2021/3/18,96,3,6,3, , 
2021/3/19,83,4,6,3, , 
2021/3/20,75,6,6,3, , 
2021/3/21,73,7,6,4, , 
2021/3/22,113,9,7,4, , 
2021/3/23,159,3,8,5, , 
2021/3/24,168,4,7,3, , 
2021/3/25,166,3,6,3, , 
2021/3/26,112,3,6,3, , 
2021/3/27,75,2,6,3, , 
2021/3/28,73,4,6,3, , 
2021/3/29,133,5,7,3, , 
2021/3/30,130,5,6,3, , 
2021/3/31,117,5,6,3, , 
2020/10/1,61, ,7,2, , 
2020/10/2,88, ,5,3, , 
2020/10/3,86, ,3,3, , 
2020/10/4,75, ,3,2, , 
2020/10/5,69, , ,2, , 
2020/10/6,81, , ,3, , 
2020/10/7,58, ,3,3, , 
2020/10/8,72, ,3,3, , 
2020/10/9,70, ,3,3, , 
2020/10/10,90, ,4,3, , 
2020/10/11,96, ,7,4, , 
2020/10/12,123, ,7,3, , 
2020/10/13,129, ,3,3, , 
2020/10/14,67, ,3,3, , 
2020/10/15,39, ,3,3, , 
2020/10/16,58, ,4,3, , 
2020/10/17,59, ,4,3, , 
2020/10/18,72, ,5,3, , 
2020/10/19,80, ,6,4, , 
2020/10/20,90, ,6,4, , 
2020/10/21,84, ,9,4, , 
2020/10/22,118, ,12,4, , 
2020/10/23,136, ,12,5, , 
2020/10/24,157, ,8,4, , 
2020/10/25,149, ,7,3, , 
2020/10/26,129, ,10,3, , 
2020/10/27,126, ,6,3, , 
2020/10/28,126, ,5,3, , 
2020/10/29,95, ,5, , , 
2020/10/30,61, ,6,3, , 
2020/10/31,82, ,10,4, , 
2020/11/1,155, ,7,3, , 
2020/11/2,118, ,6,4, , 
2020/11/3,82,5,9,2, , 
2020/11/4,135,5,15,1, , 
2020/11/5,169,4,13,1, , 
2020/11/6,178,7,8,1, , 
2020/11/7,116,9,8,1, , 
2020/11/8,125,11,10,2, , 
2020/11/9,130,12,11,3, , 
2020/11/10,139,10,13,3, , 
2020/11/11,147,15,13,2, , 
2020/11/12,156,13,13,2, , 
2020/11/13,149,12,10,2, , 
2020/11/14,145,8,6, , , 
2020/11/15,100,1,5, , , 
2020/11/16,95,2,7, , , 
2020/11/17,92,2,5, , , 
2020/11/18,74,1,6, , , 
2020/11/19,83,1,5, , , 
2020/11/20,89,1,5, , , 
2020/11/21,76,1,6, , , 
2020/11/22,84,1,8, , , 
2020/11/23,90,1,10, , , 
2020/11/24,116,3,12,1, , 
2020/11/25,121,1,13, , , 
2020/11/26,107,7,11,1, , 
2020/11/27,139,4,6,1, , 
2020/11/28,111,7,6,1, , 
2020/11/29,94,8,8,1, , 
2020/11/30,114,5,12,2, , 
2020/12/1,152,4,12,2, , 
2020/12/2,163,5,8,1, , 
2020/12/3,137,5,8,1, , 
2020/12/4,95,6,8,1, , 
2020/12/5,117,7,11,2, , 
2020/12/6,155,10,11,2, , 
2020/12/7,168,6,11,1, , 
2020/12/8,154,5,15,2, , 
2020/12/9,182,9,17,2, , 
2020/12/10,183,6,14,2, , 
2020/12/11,175,5,12,2, , 
2020/12/12,149,3,9, , , 
2020/12/13,135,2,7, , , 
2020/12/14,110,1,4, , , 
2020/12/15,67,1,3, , , 
2020/12/16,80,2,3, , , 
2020/12/17,80,2,3, , , 
2020/12/18,90,5,5,1, , 
2020/12/19,109,7,5,1, , 
2020/12/20,113,10,8,2, , 
2020/12/21,144,9,12,2, , 
2020/12/22,163,4,13,4, , 
2020/12/23,165,6,10,1, , 
2020/12/24,148,5,14,4, , 
2020/12/25,176,1,12,3, , 
2020/12/26,173,1,7,1, , 
2020/12/27,171,2,6,1, , 
2020/12/28,125,2,7,1, , 
2020/12/29,97,5,7,1, , 
2020/12/30,101,6,10,2, , 
2020/12/31,128,11,10,3, , 
2021/1/1,159,11,11,3, , 
2021/1/2,192,7,10,3, , 
2021/1/3,189,8,11,3, , 
2020/7/1,92,6,7,1, , 
2020/7/2,91,7,6, , , 
2020/7/3,79,6,6, , , 
2020/7/4,75,6,4, , , 
2020/7/5,77,7,4,1, , 
2020/7/6,73,9,4, , , 
2020/7/7,80,7,4,1, , 
2020/7/8,82,7,4,1, , 
2020/7/9,76,7,4,1, , 
2020/7/10,74,7,5,1, , 
2020/7/11,79,8,5,1, , 
2020/7/12,94,9,6,1, , 
2020/7/13,86,12,7,1, , 
2020/7/14,96,9,5,1, , 
2020/7/15,86,8,3,1, , 
2020/7/16,79,8,3,1, , 
2020/7/17,77,9,3,1, , 
2020/7/18,82,8,3,1, , 
2020/7/19,86,8,4,1, , 
2020/7/20,81,5,2,2, , 
2020/7/21,74,5,2,1, , 
2020/7/22,67,5, ,1, , 
2020/7/23,74,5, ,1, , 
2020/7/24,80,6, ,1, , 
2020/7/25,78,5, ,1, , 
2020/7/26,79,5, ,2, , 
2020/7/27,134,11, ,1, , 
2020/7/28,160,6, ,1, , 
2020/7/29,117,6,5,1, , 
2020/7/30,104,6,7,2, , 
2020/7/31,106,5,4,1, , 
2020/8/1,85,5,2,1, , 
2020/8/2,51,4,4,2, , 
2020/8/3,77,4,4,1, , 
2020/8/4,68,4,4,1, , 
2020/8/5,68,4,3,1, , 
2020/8/6,60,4,2,1, , 
2020/8/7,61,5,2,1, , 
2020/8/8,67,5,3,1, , 
2020/8/9,71,6,6,1, , 
2020/8/10,73,3,8, , , 
2020/8/11,51,4,5,1, , 
2020/8/12,79,4,4,1, , 
2020/8/13,57,4,3,2, , 
2020/8/14,62,2,3,2, , 
2020/8/15,75,2,4,2, , 
2020/8/16,81,2,3,2, , 
2020/8/17,65, ,3,2, , 
2020/8/18,60, ,5,2, , 
2020/8/19,77, ,5,2, , 
2020/8/20,108, ,7,1, , 
2020/8/21,68, ,5, , , 
2020/8/22,75, ,4,2, , 
2020/8/23,90, ,5, , , 
2020/8/24,80, ,3,2, , 
2020/8/25,71, ,5,2, , 
2020/8/26,95, ,7, , , 
2020/8/27,123, ,6,2, , 
2020/8/28,97, ,6,2, , 
2020/8/29,96, ,7,2, , 
2020/8/30,108, ,6,2, , 
2020/8/31,104, ,8,2, , 
2020/9/1,110, ,6,2, , 
2020/9/2,164, ,9,2, , 
2020/9/3,160, ,7,2, , 
2020/9/4,134, ,5,2, , 
2020/9/5,103, ,5,2, , 
2020/9/6,86, ,5,2, , 
2020/9/7,62, ,8,2, , 
2020/9/8,122, ,6,3, , 
2020/9/9,78, ,4,2, , 
2020/9/10,57, ,6,2, , 
2020/9/11,6, ,4,2, , 
2020/9/12,9, ,3,2, , 
2020/9/13,26, ,4,2, , 
2020/9/14,60, ,3,2, , 
2020/9/15,61, ,4,2, , 
2020/9/16,70, ,6,2, , 
2020/9/17,95, ,2,2, , 
2020/9/18,57, ,3,2, , 
2020/9/19,59, ,3,2, , 
2020/9/20,82, ,4,2, , 
2020/9/21,98, ,3,2, , 
2020/9/22,58, ,3,2, , 
2020/9/23,71, ,4,2, , 
2020/9/24,49, ,5,3, , 
2020/9/25,95, ,4,2, , 
2020/9/26,58, ,2,2, , 
2020/9/27,57, ,6,2, , 
2020/9/28,84, ,7,2, , 
2020/9/29,99, ,5,2, , 
2020/9/30,79, ,5,2, , 
2020/4/1,120,2,1,2, , 
2020/4/2,128,2,2,2, , 
2020/4/3,124,2, ,2, , 
2020/4/4,80,4, ,2, , 
2020/4/5,65,4,2,3, , 
2020/4/6,87,8,3,2, , 
2020/4/7,147,7,5,2, , 
2020/4/8,160,10,4,2, , 
2020/4/9,162,9,4,2, , 
2020/4/10,141,7,2, , , 
2020/4/11,130,8,2,2, , 
2020/4/12,88,8,2,2, , 
2020/4/13,104,15,2,2, , 
2020/4/14,130,12,3,3, , 
2020/4/15,149,6,2,2, , 
2020/4/16,142,5, ,2, , 
2020/4/17,95,6,1,2, , 
2020/4/18,106,5, ,2, , 
2020/4/19,118,5,1,20, , 
2020/4/20,99,5,1,10, , 
2020/4/21,117,4,2,8, , 
2020/4/22,93,7, ,2, , 
2020/4/23,75,6, ,5, , 
2020/4/24,88,8,1,3, , 
2020/4/25,103,6,1,3, , 
2020/4/26,99,11,3,4, , 
2020/4/27,107,15,4,8, , 
2020/4/28,160,16,4,5, , 
2020/4/29,155,9,2,3, , 
2020/4/30,127,4,2,2, , 
2020/5/1,106,9,1,2, , 
2020/5/2,117,6,1,2, , 
2020/5/3,101,8,3,2, , 
2020/5/4,103,6,2,2, , 
2020/5/5,119,5,1,2, , 
2020/5/6,97,4,2,2, , 
2020/5/7,112,7,2,2, , 
2020/5/8,102,7,2,2, , 
2020/5/9,119,10,1,2, , 
2020/5/10,116,5,2,3, , 
2020/5/11,93,5,2,2, , 
2020/5/12,90,6,1,2, , 
2020/5/13,83,7,1,3, , 
2020/5/14,73,5,1,2, , 
2020/5/15,90,7, ,3, , 
2020/5/16,99,6, ,2, , 
2020/5/17,76,12, ,3, , 
2020/5/18,104,7, ,3, , 
2020/5/19,125,6, , , , 
2020/5/20,98,9,5,3, , 
2020/5/21,112,6,4,3, , 
2020/5/22,112,7,3,3, , 
2020/5/23,113,6,3,3, , 
2020/5/24,121,10,3,3, , 
2020/5/25,101,7,1,3, , 
2020/5/26,91,8,2,3, , 
2020/5/27,100,9,3,4, , 
2020/5/28,139,7,3,3, , 
2020/5/29,106,7,4,3, , 
2020/5/30,99,6,2,3, , 
2020/5/31,106,6,5,3, , 
2020/6/1,93,5,5,3, , 
2020/6/2,103,12,3,3, , 
2020/6/3,115,9,3,3, , 
2020/6/4,113,9,4,3, , 
2020/6/5,122,6,5,3, , 
2020/6/6,139,7,5,3, , 
2020/6/7,118,5,4,4, , 
2020/6/8,101,10,7,4, , 
2020/6/9,112,7,6,3, , 
2020/6/10,94,6,5,3, , 
2020/6/11,93,7,5,3, , 
2020/6/12,89,6,5,3, , 
2020/6/13,96,4,5,4, , 
2020/6/14,96,4,7,3, , 
2020/6/15,91,6,5, , , 
2020/6/16,72,5,5,1, , 
2020/6/17,77,4,5, , , 
2020/6/18,71,4,5, , , 
2020/6/19,75,7,4, , , 
2020/6/20,77,9,4, , , 
2020/6/21,88,7,5, , , 
2020/6/22,83,9,7, , , 
2020/6/23,77,6,8, , , 
2020/6/24,77,7,8, , , 
2020/6/25,122,7,4, , , 
2020/6/26,74,10,5, , , 
2020/6/27,76,9,4, , , 
2020/6/28,80,7,6,1, , 
2020/6/29,84,10,7, , , 
2020/6/30,95,6,7,1, , 
2020/1/1,182,2,11,1, , 
2020/1/2,145,2,9,1, , 
2020/1/3,93,2,9,1, , 
2020/1/4,114,2,8,1, , 
2020/1/5,100,2,7,1, , 
2020/1/6,104,2,10,1, , 
2020/1/7,135,2,8,1, , 
2020/1/8,111,2,9,2, , 
2020/1/9,113,2,6,1, , 
2020/1/10,101,2,5,1, , 
2020/1/11,102,2,5,2, , 
2020/1/12,103,1,8,4, , 
2020/1/13,171,2,12,3, , 
2020/1/14,235,2,5,1, , 
2020/1/15,111,2,6,3, , 
2020/1/16,107,3,5,2, , 
2020/1/17,116,3,5,1, , 
2020/1/18,148,4,4,1, , 
2020/1/19,97,4,5,1, , 
2020/1/20,133,2,9,1, , 
2020/1/21,178,3,6,1, , 
2020/1/22,162,4,3,1, , 
2020/1/23,116,4,2,1, , 
2020/1/24,89,7,2,1, , 
2020/1/25,80,7,3,1, , 
2020/1/26,72,5,3,1, , 
2020/1/27,80,5,3,1, , 
2020/1/28,105,5,3,1, , 
2020/1/29,136,5,7,1, , 
2020/1/30,154,3,11,3, , 
2020/1/31,150,4,9,2, , 
2020/2/1,167,4,6,1, , 
2020/2/2,205,5,4,1, , 
2020/2/3,150,7, , , , 
2020/2/4,66,7, ,2, , 
2020/2/5,76,2,2,2, , 
2020/2/6,146, ,2,1, , 
2020/2/7,153, , ,1, , 
2020/2/8,103,2, ,1, , 
2020/2/9,77,1, ,3, , 
2020/2/10,128,2, ,2, , 
2020/2/11,151,1,11,2, , 
2020/2/12,157,3,9,1, , 
2020/2/13,123,5,7,1, , 
2020/2/14,110,6,8,1, , 
2020/2/15,121,6,5,2, , 
2020/2/16,91,5,7,2, , 
2020/2/17,116,5,12,7, , 
2020/2/18,143,2,15,8, , 
2020/2/19,161,2,11,4, , 
2020/2/20,196,2,11,2, , 
2020/2/21,228,6,13,2, , 
2020/2/22,198,4,14,2, , 
2020/2/23,193,4,11,2, , 
2020/2/24,139,2,9, , , 
2020/2/25,137,1,13,2, , 
2020/2/26,136,2,10,2, , 
2020/2/27,110,2,7,1, , 
2020/2/28,99,4,7,1, , 
2020/2/29,105,4,6,1, , 
2020/3/1,103,4,6,1, , 
2020/3/2,98,4,5,1, , 
2020/3/3,70,11,7,2, , 
2020/3/4,80,2,5,2, , 
2020/3/5,93,4,9,3, , 
2020/3/6,160,3,9,2, , 
2020/3/7,126,6,8,1, , 
2020/3/8,145,13,7,1, , 
2020/3/9,172,6,7,2, , 
2020/3/10,141,6,12,3, , 
2020/3/11,147,5,9,2, , 
2020/3/12,133,5,6, , , 
2020/3/13,135,5,7,2, , 
2020/3/14,131,3,8,3, , 
2020/3/15,161,2,9,3, , 
2020/3/16,182,4,9,2, , 
2020/3/17,138,2,4,2, , 
2020/3/18,93,2,3,2, , 
2020/3/19,86,2,9,2, , 
2020/3/20,149,6,5,2, , 
2020/3/21,145,5,3,2, , 
2020/3/22,118,5,4, , , 
2020/3/23,124,5,2, , , 
2020/3/24,95,5,3,2, , 
2020/3/25,88,5,1,2, , 
2020/3/26,91,6,2, , , 
2020/3/27,104,5,1, , , 
2020/3/28,103,9, ,2, , 
2020/3/29,97,4,4,2, , 
2020/3/30,83,1,1,2, , 
2020/3/31,96,2,2,3, , 
2019/10/1,185,20,7, , , 
2019/10/2,166,8,6, , , 
2019/10/3,118,7,4, , , 
2019/10/7,162,7,2, , , 
2019/10/8,107,6,2, , , 
2019/10/9,91,7,4, , , 
2019/10/10,129,6,4, , , 
2019/10/11,123,7,4, , , 
2019/10/12,114,6,4, , , 
2019/10/13,126,7,2, , , 
2019/10/14,115,9,3, , , 
2019/10/15,109,16,3, , , 
2019/10/16,141,14, , , , 
2019/10/17,154,10,10, , , 
2019/10/18,89,14, , , , 
2019/10/19,99,17, , , , 
2019/10/20,153,11, , , , 
2019/10/21,153,9, , , , 
2019/10/22,108,9, , , , 
2019/10/23,108,7, , , , 
2019/10/24,73,7, , , , 
2019/10/25,115,9, , , , 
2019/10/26,164,6, , , , 
2019/10/28,68,11, , , , 
2019/10/29,75,14, , , , 
2019/10/30,120,8, , , , 
2019/10/31,147,7, , , , 
2019/11/1,112,6, , , , 
2019/11/2,111,8, , , , 
2019/11/3,126,13, , , , 
2019/11/4,120,18, , , , 
2019/11/5,151,14, , , , 
2019/11/6,188,16, , , , 
2019/11/7,174,16, , , , 
2019/11/8,164,19, , , , 
2019/11/9,164,22, , , , 
2019/11/10,173,18, , , , 
2019/11/13,105,6, , , , 
2019/11/14,104,9, , , , 
2019/11/15,145,11, , , , 
2019/11/16,139,7, , , , 
2019/11/17,107,6, , , , 
2019/11/18,89,7, , , , 
2019/11/19,86,7, , , , 
2019/11/20,139,6, , , , 
2019/11/21,164,6, , , , 
2019/11/22,166,6, , , , 
2019/11/23,164,4, , , , 
2019/11/24,132,5, , , , 
2019/11/25,145,5, , , , 
2019/11/26,154,5, , , , 
2019/11/27,170,5, , , , 
2019/11/28,121,4, , , , 
2019/11/29,146,3, , , , 
2019/11/30,164,4, , , , 
2019/12/1,143,6, , , , 
2019/12/2,85,6,16,3, , 
2019/12/3,129,7,9,3, , 
2019/12/4,145,8,7,3, , 
2019/12/5,132,8,7,2, , 
2019/12/6,117,8,10,3, , 
2019/12/7,153,9,12,4, , 
2019/12/8,176,10,14,5, , 
2019/12/9,189,10,15,4, , 
2019/12/10,211,11,16,5, , 
2019/12/11,221,1,13,4, , 
2019/12/12,210,9,15,4, , 
2019/12/13,221,3,11,3, , 
2019/12/14,207,2,9,2, , 
2019/12/15,145,1,5,1, , 
2019/12/16,138,3,8,2, , 
2019/12/17,133,2,5,1, , 
2019/12/18,117,2,6,2, , 
2019/12/19,136,2,6,2, , 
2019/12/20,158,2,5,1, , 
2019/12/21,151,2,5,1, , 
2019/12/22,130,2,5,2, , 
2019/12/23,180,1,9,2, , 
2019/12/24,212,2,7,1, , 
2019/12/25,107,2,7,2, , 
2019/12/26,116,2,5,1, , 
2019/12/27,106,2,8,3, , 
2019/12/28,155,3,10,3, , 
2019/12/29,165, , , , , 
2019/8/28,83, , , , , 
2019/8/29,60, , , , , 
2019/8/30,55, , , , , 
2019/8/31,43, , , , , 
2019/9/1,46, , , , , 
2019/9/2,66, , , , , 
2019/9/6,112, , , , , 
2019/9/7,116, , , , , 
2019/9/8,88, , , , , 
2019/9/9,86, , , , , 
2019/9/10,86, , , , , 
2019/9/11,113, , , , , 
2019/9/12,111, , , , , 
2019/9/13,132, , , , , 
2019/9/14,129,13,5, , , 
2019/9/15,164,17,4, , , 
2019/9/16,158,14,4, , , 
2019/9/17,151,14,3, , , 
2019/9/18,127,12,2, , , 
2019/9/19,107,8,3, , , 
2019/9/20,145,15,3, , , 
2019/9/21,113,12,2, , , 
2019/9/22,79,18,4, , , 
2019/9/24,165,18,7, , , 
2019/9/25,158,25,7, , , 
2019/9/26,164,20,6, , , 
2019/9/27,161,23,8, , , 
2019/9/28,171,23,9, , , 
2019/9/29,176,21,8, , , 
2019/9/30,183,25,7, , , 
2019/4/1,86, , , , , 
2019/4/2,134, , , , , 
2019/4/3,109, , , , , 
2019/4/4,13, , , , , 
2019/4/5,14, , , , , 
2019/4/6,15, , , , , 
2019/4/7,10, , , , , 
2019/4/8,77, , , , , 
2019/4/9,107, , , , , 
2019/4/10,90, , , , , 
2019/4/11,91, , , , , 
2019/4/12,86, , , , , 
2019/4/13,71, , , , , 
2019/4/14,64, , , , , 
2019/4/15,78, , , , , 
2019/4/16,75, , , , , 
2019/4/17,123, , , , , 
2019/4/18,112, , , , , 
2019/4/19,132, , , , , 
2019/4/20,138, , , , , 
2019/4/21,106, , , , , 
2019/4/22,113, , , , , 
2019/4/23,93, , , , , 
2019/4/24,100, , , , , 
2019/4/25,92, , , , , 
2019/4/26,68, , , , , 
2019/4/27,62, , , , , 
2019/4/28,71, , , , , 
2019/4/29,91, , , , , 
2019/4/30,111, , , , , 
2019/1/1,93, , , , , 
2019/1/2,104, , , , , 
2019/1/3,98, , , , , 
2019/1/4,132, , , , , 
2019/1/5,128, , , , , 
2019/1/6,76, , , , , 
2019/1/7,148, , , , , 
2019/1/8,78, , , , , 
2019/1/9,25, , , , , 
2019/1/10,80, , , , , 
2019/1/11,143, , , , , 
2019/1/12,139, , , , , 
2019/1/13,84, , , , , 
2019/1/14,111, , , , , 
2019/1/15,80, , , , , 
2019/1/16,35, , , , , 
2019/1/17,64, , , , , 
2019/1/18,140, , , , , 
2019/1/19,174, , , , , 
2019/1/20,171, , , , , 
2019/1/21,54, , , , , 
2019/1/22,108, , , , , 
2019/1/23,167, , , , , 
2019/1/24,160, , , , , 
2019/1/25,189, , , , , 
2019/1/26,164, , , , , 
2019/1/27,160, , , , , 
2019/1/28,119, , , , , 
2019/1/29,115, , , , , 
2019/1/30,75, , , , , 
2019/1/31,102, , , , , 
2019/2/1,124, , , , , 
2019/2/2,142, , , , , 
2019/2/3,122, , , , , 
2019/2/4,99, , , , , 
2019/2/5,95, , , , , 
2019/2/6,62, , , , , 
2019/2/7,84, , , , , 
2019/2/8,94, , , , , 
2019/2/9,98, , , , , 
2019/2/10,73, , , , , 
2019/2/11,132, , , , , 
2019/2/12,141, , , , , 
2019/2/13,91, , , , , 
2019/2/14,68, , , , , 
2019/2/15,72, , , , , 
2019/2/16,74, , , , , 
2019/2/17,65, , , , , 
2019/2/18,95, , , , , 
2019/2/19,103, , , , , 
2019/2/20,83, , , , , 
2019/2/21,83, , , , , 
2019/2/22,108, , , , , 
2019/2/23,91, , , , , 
2019/2/24,68, , , , , 
2019/2/25,78, , , , , 
2019/2/26,137, , , , , 
2019/2/27,130, , , , , 
2019/2/28,147, , , , , 
2019/3/1,95, , , , , 
2019/3/2,88, , , , , 
2019/3/3,90, , , , , 
2019/3/4,100, , , , , 
2019/3/5,93, , , , , 
2019/3/6,78, , , , , 
2019/3/7,81, , , , , 
2019/3/8,95, , , , , 
2019/3/9,110, , , , , 
2019/3/10,69, , , , , 
2019/3/11,163, , , , , 
2019/3/12,169, , , , , 
2019/3/13,156, , , , , 
2019/3/14,176, , , , , 
2019/3/15,115, , , , , 
2019/3/16,123, , , , , 
2019/3/17,65, , , , , 
2019/3/18,75, , , , , 
2019/3/19,126, , , , , 
2019/3/20,127, , , , , 
2019/3/21,111, , , , , 
2019/3/22,113, , , , , 
2019/3/23,100, , , , , 
2019/3/24,106, , , , , 
2019/3/25,100, , , , , 
2019/3/26,171, , , , , 
2019/3/27,152, , , , , 
2019/3/28,126, , , , , 
2019/3/29,91, , , , , 
2019/3/30,101, , , , , 
2019/3/31,118, , , , , 
2018/10/1,125, , , , , 
2018/10/2,134, , , , , 
2018/10/3,146, , , , , 
2018/10/4,137, , , , , 
2018/10/5,145, , , , , 
2018/10/6,172, , , , , 
2018/10/7,159, , , , , 
2018/10/8,138, , , , , 
2018/10/9,125, , , , , 
2018/10/10,43, , , , , 
2018/10/11,110, , , , , 
2018/10/12,129, , , , , 
2018/10/13,163, , , , , 
2018/10/14,110, , , , , 
2018/10/15,68, , , , , 
2018/10/16,69, , , , , 
2018/10/17,49, , , , , 
2018/10/18,73, , , , , 
2018/10/23,42, , , , , 
2018/10/24,81, , , , , 
2018/10/25,80, , , , , 
2018/10/26,73, , , , , 
2018/10/27,64, , , , , 
2018/10/28,108, , , , , 
2018/10/29,113, , , , , 
2018/10/30,108, , , , , 
2018/10/31,97, , , , , 
2018/11/1,118, , , , , 
2018/11/2,138, , , , , 
2018/11/3,170, , , , , 
2018/11/4,164, , , , , 
2018/11/5,132, , , , , 
2018/11/6,111, , , , , 
2018/11/7,87, , , , , 
2018/11/8,83, , , , , 
2018/11/9,119, , , , , 
2018/11/10,154, , , , , 
2018/11/11,130, , , , , 
2018/11/12,91, , , , , 
2018/11/13,108, , , , , 
2018/11/14,95, , , , , 
2018/11/15,67, , , , , 
2018/11/16,62, , , , , 
2018/11/17,65, , , , , 
2018/11/18,75, , , , , 
2018/11/19,84, , , , , 
2018/11/20,128, , , , , 
2018/11/21,72, , , , , 
2018/11/22,76, , , , , 
2018/11/23,130, , , , , 
2018/11/24,192, , , , , 
2018/11/25,150, , , , , 
2018/11/26,154, , , , , 
2018/11/27,158, , , , , 
2018/11/28,174, , , , , 
2018/11/29,183, , , , , 
2018/11/30,147, , , , , 
2018/12/1,123, , , , , 
2018/12/2,68, , , , , 
2018/12/3,69, , , , , 
2018/12/4,69, , , , , 
2018/12/5,75, , , , , 
2018/12/6,73, , , , , 
2018/12/7,98, , , , , 
2018/12/8,51, , , , , 
2018/12/9,39, , , , , 
2018/12/10,66, , , , , 
2018/12/11,54, , , , , 
2018/12/12,59, , , , , 
2018/12/13,58, , , , , 
2018/12/14,81, , , , , 
2018/12/15,110, , , , , 
2018/12/16,81, , , , , 
2018/12/17,115, , , , , 
2018/12/18,168, , , , , 
2018/12/19,149, , , , , 
2018/12/20,142, , , , , 
2018/12/21,135, , , , , 
2018/12/22,100, , , , , 
2018/12/23,119, , , , , 
2018/12/24,131, , , , , 
2018/12/25,98, , , , , 
2018/12/26,96, , , , , 
2018/12/27,118, , , , , 
2018/12/28,97, , , , , 
2018/12/29,57, , , , , 
2018/12/30,31, , , , , 
2018/7/1,46, , , , , 
2018/7/2,61, , , , , 
2018/7/3,11, , , , , 
2018/7/4,36, , , , , 
2018/7/5,55, , , , , 
2018/7/6,89, , , , , 
2018/7/7,95, , , , , 
2018/7/8,92, , , , , 
2018/7/9,72, , , , , 
2018/7/10,75, , , , , 
2018/7/11,76, , , , , 
2018/7/16,49, , , , , 
2018/7/17,72, , , , , 
2018/7/18,64, , , , , 
2018/7/19,63, , , , , 
2018/7/20,62, , , , , 
2018/7/21,38, , , , , 
2018/7/22,47, , , , , 
2018/7/23,85, , , , , 
2018/7/24,97, , , , , 
2018/7/25,64, , , , , 
2018/7/26,30, , , , , 
2018/7/27,64, , , , , 
2018/7/28,46, , , , , 
2018/7/29,57, , , , , 
2018/7/30,68, , , , , 
2018/7/31,107, , , , , 
2018/8/1,78, , , , , 
2018/8/2,61, , , , , 
2018/8/3,58, , , , , 
2018/8/4,97, , , , , 
2018/8/5,84, , , , , 
2018/8/6,80, , , , , 
2018/8/7,76, , , , , 
2018/8/8,88, , , , , 
2018/8/9,94, , , , , 
2018/8/10,107, , , , , 
2018/8/11,122, , , , , 
2018/8/12,69, , , , , 
2018/8/13,70, , , , , 
2018/8/14,87, , , , , 
2018/8/15,86, , , , , 
2018/8/16,68, , , , , 
2018/8/17,48, , , , , 
2018/8/18,79, , , , , 
2018/8/19,118, , , , , 
2018/8/20,106, , , , , 
2018/8/21,106, , , , , 
2018/8/22,121, , , , , 
2018/8/23,120, , , , , 
2018/8/24,98, , , , , 
2018/8/25,71, , , , , 
2018/8/26,106, , , , , 
2018/8/27,100, , , , , 
2018/8/28,52, , , , , 
2018/8/29,49, , , , , 
2018/8/30,53, , , , , 
2018/8/31,40, , , , , 
2018/9/1,61, , , , , 
2018/9/2,61, , , , , 
2018/9/3,37, , , , , 
2018/9/4,108, , , , , 
2018/9/5,94, , , , , 
2018/9/6,75, , , , , 
2018/9/7,63, , , , , 
2018/9/8,80, , , , , 
2018/9/9,115, , , , , 
2018/9/10,119, , , , , 
2018/9/11,123, , , , , 
2018/9/12,97, , , , , 
2018/9/13,127, , , , , 
2018/9/14,103, , , , , 
2018/9/15,80, , , , , 
2018/9/16,89, , , , , 
2018/9/17,80, , , , , 
2018/9/18,86, , , , , 
2018/9/19,62, , , , , 
2018/9/20,103, , , , , 
2018/9/21,78, , , , , 
2018/9/22,117, , , , , 
2018/9/23,129, , , , , 
2018/9/24,107, , , , , 
2018/9/25,77, , , , , 
2018/9/26,59, , , , , 
2018/9/27,61, , , , , 
2018/9/28,45, , , , , 
2018/9/29,67, , , , , 
2018/9/30,100, , , , , 
2018/4/1,106, , ,32, , 
2018/4/2,105, , ,30, , 
2018/4/3,81, , ,30, , 
2018/4/4,88, , ,30, , 
2018/4/5,87, , ,29, , 
2018/4/6,68, , ,31, , 
2018/4/7,124, , , , , 
2018/4/8,167, , , , , 
2018/4/9,138, , , , , 
2018/4/10,122, , , , , 
2018/4/11,98, , , , , 
2018/4/12,94, , , , , 
2018/4/13,94, , , , , 
2018/4/14,83, , , , , 
2018/4/15,79, , , , , 
2018/4/16,112, , , , , 
2018/4/17,168, , , , , 
2018/4/18,160, , ,32, , 
2018/4/19,137, , ,32, , 
2018/4/20,97, , , , , 
2018/4/21,74, , , , , 
2018/4/22,83, , , , , 
2018/4/23,90, , , , , 
2018/4/24,118, , , , , 
2018/4/25,103, , ,38, , 
2018/4/26,109, , , , , 
2018/4/27,79, , , , , 
2018/4/28,108, , , , , 
2018/4/29,121, , , , , 
2018/4/30,70, , , , , 
2018/5/1,47, , , , , 
2018/5/2,59, , , , , 
2018/5/3,81, , , , , 
2018/5/4,72, , , , , 
2018/5/5,50, , , , , 
2018/5/6,50, , , , , 
2018/5/7,69, , , , , 
2018/5/8,84, , , , , 
2018/5/9,70, , , , , 
2018/5/10,55, , , , , 
2018/5/11,58, , , , , 
2018/5/12,75, , , , , 
2018/5/13,73, , , , , 
2018/5/14,79, , , , , 
2018/5/15,70, , , , , 
2018/5/16,77, , ,28, , 
2018/5/17,74, , ,28, , 
2018/5/18,60, , ,28, , 
2018/5/19,55, , , , , 
2018/5/20,59, , , , , 
2018/5/21,55, , , , , 
2018/5/22,60, , , , , 
2018/5/23,42, , , , , 
2018/5/24,54, , , , , 
2018/5/25,54, , , , , 
2018/5/26,64, , , , , 
2018/5/27,74, , ,29, , 
2018/5/28,64, , ,29, , 
2018/5/29,116, , ,29, , 
2018/5/30,70, , ,29, , 
2018/5/31,74, , ,29, , 
2018/6/1,73, , ,29, , 
2018/6/4,98, , ,29, , 
2018/6/5,35, , ,30, , 
2018/6/7,128, , ,31, , 
2018/6/8,166, , ,30, , 
2018/6/9,147, , ,30, , 
2018/6/10,109, , ,30, , 
2018/6/11,51, , ,30, , 
2018/6/12,42, , ,31, , 
2018/6/13,59, , ,30, , 
2018/6/14,105, , ,30, , 
2018/6/15,68, , ,30, , 
2018/6/16,92, , ,30, , 
2018/6/18,77, , ,31, , 
2018/6/19,73, , ,31, , 
2018/6/20,71, , ,31, , 
2018/6/21,74, , , , , 
2018/6/22,69, , , , , 
2018/6/23,57, , , , , 
2018/6/24,98, , , , , 
2018/6/25,57, , , , , 
2018/6/26,83, , ,32, , 
2018/6/27,86, , , , , 
2018/6/28,78, , , , , 
2018/6/29,67, , , , , 
2018/6/30,53, , , , , 
2018/1/1,171, , ,41, , 
2018/1/2,207, , ,39, , 
2018/1/3,166, , ,38, , 
2018/1/4,161, , ,37, , 
2018/1/5,144, , ,36, , 
2018/1/6,118, , ,36, , 
2018/1/7,149, , ,36, , 
2018/1/9,117, , ,41, , 
2018/1/10,113, , ,44, , 
2018/1/11,129, , ,46, , 
2018/1/12,142, , ,49, , 
2018/1/13,166, , ,43, , 
2018/1/14,181, , ,42, , 
2018/1/15,193, , ,40, , 
2018/1/16,165, , ,41, , 
2018/1/17,196, , ,40, , 
2018/1/18,165, , ,44, , 
2018/1/19,162, , ,40, , 
2018/1/20,157, , ,38, , 
2018/1/22,151, , ,37, , 
2018/1/23,133, , ,37, , 
2018/1/24,121, , ,37, , 
2018/1/25,87, , ,37, , 
2018/1/26,79, , ,38, , 
2018/1/27,106, , ,36, , 
2018/1/29,84, , ,37, , 
2018/1/30,141, , ,37, , 
2018/1/31,148, , ,44, , 
2018/2/1,154, , ,44, , 
2018/2/2,152, , ,45, , 
2018/2/3,131, , ,49, , 
2018/2/4,153, , ,42, , 
2018/2/5,151, , ,38, , 
2018/2/6,153, , ,40, , 
2018/2/7,153, , ,36, , 
2018/2/8,152, , ,34, , 
2018/2/9,178, , ,24, , 
2018/2/10,188, , ,22, , 
2018/2/12,173, , ,28, , 
2018/2/13,190, , ,24, , 
2018/2/14,204, , ,23, , 
2018/2/15,186, , ,23, , 
2018/2/16,136, , , , , 
2018/2/17,126, , , , , 
2018/2/18,110, , , , , 
2018/2/19,104, , , , , 
2018/2/20,101, , ,23, , 
2018/2/21,86, , ,23, , 
2018/2/22,97, , ,24, , 
2018/2/23,84, , , , , 
2018/2/24,172, , , , , 
2018/2/25,143, , ,26, , 
2018/2/26,148, , ,25, , 
2018/2/27,143, , ,24, , 
2018/2/28,134, , ,24, , 
2018/3/1,110, , ,24, , 
2018/3/2,83, , ,24, , 
2018/3/3,103, , ,24, , 
2018/3/4,124, , ,24, , 
2018/3/5,103, , ,24, , 
2018/3/6,76, , ,24, , 
2018/3/7,87, , ,25, , 
2018/3/8,62, , ,29, , 
2018/3/9,93, , ,29, , 
2018/3/10,112, , ,30, , 
2018/3/11,144, , ,26, , 
2018/3/12,163, , ,27, , 
2018/3/13,165, , ,27, , 
2018/3/14,117, , ,26, , 
2018/3/15,113, , ,28, , 
2018/3/16,123, , ,27, , 
2018/3/17,137, , ,26, , 
2018/3/19,131, , ,31, , 
2018/3/20,104, , , , , 
2018/3/21,118, , , , , 
2018/3/22,152, , , , , 
2018/3/23,153, , , , , 
2018/3/24,136, , , , , 
2018/3/25,130, , , , , 
2018/3/26,162, , , , , 
2018/3/27,133, , , , , 
2018/3/28,112, , , , , 
2018/3/29,98, , ,30, , 
2018/3/30,104, , ,29, , 
2018/3/31,116, , ,29, , 
2017/10/1,43, , ,17, , 
2017/10/2,78, , ,13, , 
2017/10/3,83, , ,13, , 
2017/10/4,73, , ,13, , 
2017/10/5,66, , ,13, , 
2017/10/6,86, , ,13, , 
2017/10/7,61, , , , , 
2017/10/8,64, , , , , 
2017/10/9,81, , , , , 
2017/10/10,58, , ,13, , 
2017/10/11,57, , ,13, , 
2017/10/12,85, , ,13, , 
2017/10/13,97, , ,12, , 
2017/10/14,88, , ,14, , 
2017/10/15,75, , ,12, , 
2017/10/16,57, , ,12, , 
2017/10/17,33, , ,12, , 
2017/10/18,42, , ,13, , 
2017/10/19,86, , , , , 
2017/10/20,115, , , , , 
2017/10/21,116, , , , , 
2017/10/22,118, , ,14, , 
2017/10/23,137, , ,13, , 
2017/10/24,147, , ,14, , 
2017/10/25,182, , ,14, , 
2017/10/26,195, , ,13, , 
2017/10/27,183, , , , , 
2017/10/28,186, , , , , 
2017/10/29,166, , ,15, , 
2017/10/30,150, , ,13, , 
2017/11/13,148, , ,13, , 
2017/11/14,111, , ,13, , 
2017/11/15,102, , ,16, , 
2017/11/16,87, , ,17, , 
2017/11/17,69, , ,15, , 
2017/11/18,62, , ,13, , 
2017/11/19,62, , ,13, , 
2017/11/20,62, , ,13, , 
2017/11/21,98, , ,13, , 
2017/11/22,96, , , , , 
2017/11/23,86, , ,13, , 
2017/11/24,79, , ,13, , 
2017/11/25,79, , ,13, , 
2017/11/26,129, , ,14, , 
2017/11/27,171, , ,13, , 
2017/11/28,181, , ,13, , 
2017/11/29,193, , ,13, , 
2017/11/30,199, , ,13, , 
2017/12/1,122, , ,13, , 
2017/12/2,143, , ,14, , 
2017/12/3,181, , ,13, , 
2017/12/4,139, , ,13, , 
2017/12/5,106, , ,13, , 
2017/12/6,159, , ,37, , 
2017/12/7,180, , ,36, , 
2017/12/8,199, , ,37, , 
2017/12/19,130, , ,46, , 
2017/12/20,131, , ,46, , 
2017/12/21,151, , ,52, , 
2017/12/22,171, , ,47, , 
2017/12/23,187, , ,40, , 
2017/12/24,160, , ,46, , 
2017/12/25,175, , ,47, , 
2017/12/26,208, , ,37, , 
2017/12/27,171, , ,37, , 
2017/12/28,133, , ,40, , 
2017/12/29,177, , ,37, , 
2017/12/30,101, , ,38, , 
2017/12/31,130, , ,43, , 
2017/7/1,65,23,10,14, , 
2017/7/2,72,23,10,14, , 
2017/7/3,71,25,10,13, , 
2017/7/4,68,26,8,13, , 
2017/7/5,33,26,8,13, , 
2017/7/6,33,26,9,13, , 
2017/7/7,42,24,9,13, , 
2017/7/8,36,34,8,13, , 
2017/7/9,47,23,8,13, , 
2017/7/10,68,22,8,13, , 
2017/7/11,40,21,8,13, , 
2017/7/12,30,21,8,13, , 
2017/7/13,66,21,9,14, , 
2017/7/14,34,21,8,13, , 
2017/7/15,62,20,8,13, , 
2017/7/16,57,22,7,13, , 
2017/7/17,31,20,8,13, , 
2017/7/18,60,22,8,13, , 
2017/7/19,36,21,7,13, , 
2017/7/20,36,20,8,13, , 
2017/7/21,50,24,9,13, , 
2017/7/22,88,18,10,14, , 
2017/7/23,55,20,13,14, , 
2017/7/24,111,18,7,13, , 
2017/7/25,94, , , , , 
2017/7/26,85, , , , , 
2017/7/27,97, , , , , 
2017/7/28,106, , , , , 
2017/7/29,121, , , , , 
2017/7/30,119, , , , , 
2017/7/31,98, , , , , 
2017/8/1,71, , , , , 
2017/8/2,83, , , , , 
2017/8/3,109, , , , , 
2017/8/4,114, , , , , 
2017/8/5,81, , , , , 
2017/8/6,52,13,17,13, , 
2017/8/7,51,19,12,15, , 
2017/8/8,51,18,7,14, , 
2017/8/9,53, , , , , 
2017/8/10,86,14,9,12, , 
2017/8/11,77,19,9,13, , 
2017/8/12,66,18,10,15, , 
2017/8/13,78,18,10,15, , 
2017/8/14,88,20,7,13, , 
2017/8/15,57,19,8,14, , 
2017/8/16,37,18,8,14, , 
2017/8/17,50,18,8,13, , 
2017/8/18,90,17,13,15, , 
2017/8/19,114, , , , , 
2017/8/20,91, , , , , 
2017/8/21,71,16,2,15, , 
2017/8/22,94,18,2,16, , 
2017/8/23,130,498,3,15, , 
2017/8/24,32,5,1,13, , 
2017/8/25,41, , ,14, , 
2017/8/26,69, , ,14, , 
2017/8/27,66, , ,14, , 
2017/8/28,85, , ,14, , 
2017/8/29,37, , ,14, , 
2017/8/30,36, , ,15, , 
2017/8/31,112, , ,15, , 
2017/9/1,80, , ,15, , 
2017/9/2,59, , ,14, , 
2017/9/3,49, , ,15, , 
2017/9/4,96, , ,15, , 
2017/9/5,86, , ,14, , 
2017/9/6,61, , , , , 
2017/9/11,67, , , , , 
2017/9/12,135, , , , , 
2017/9/13,79, , , , , 
2017/9/14,80, , , , , 
2017/9/15,75, , , , , 
2017/9/16,64, , , , , 
2017/9/17,75, , , , , 
2017/9/18,119, , ,13, , 
2017/9/19,56, , ,14, , 
2017/9/20,47, , ,13, , 
2017/9/21,91, , ,13, , 
2017/9/22,108, , , , , 
2017/9/23,118, , , , , 
2017/9/24,133, , ,13, , 
2017/9/25,124, , ,13, , 
2017/9/26,45, , ,13, , 
2017/9/27,95, , ,14, , 
2017/9/28,105, , ,14, , 
2017/9/29,98, , ,14, , 
2017/9/30,92, , ,13, , 
2017/4/1,98,14,34,16, , 
2017/4/2,136,15,35,16, , 
2017/4/3,142,10,19,12, , 
2017/4/4,88,13,17,12, , 
2017/4/5,86,14,14,12, , 
2017/4/6,89,24,11,12, , 
2017/4/7,80,17,11,12, , 
2017/4/8,92,20,13,13, , 
2017/4/9,99,17,18,14, , 
2017/4/10,128,15,28,13, , 
2017/4/11,136,12,18,12, , 
2017/4/12,110,12,55,14, , 
2017/4/13,117,16,74,14, , 
2017/4/14,129,8,38,11, , 
2017/4/15,102, , , , , 
2017/4/16,77,20,68,12, , 
2017/4/17,72,17,35,11, , 
2017/4/18,81,21,50,13, , 
2017/4/19,117,14,27,12, , 
2017/4/20,106,16,21,12, , 
2017/4/21,106, , , , , 
2017/4/22,50, , , , , 
2017/4/23,111, , , , , 
2017/4/24,114,18,24,12, , 
2017/4/25,92,13,25,13, , 
2017/4/26,113,17,19,13, , 
2017/4/27,82,21,29,14, , 
2017/5/3,106,15,21,12, , 
2017/5/4,105,9,26,12, , 
2017/5/5,94,13,24,12, , 
2017/5/6,110,11,20,12, , 
2017/5/7,107,10,17,12, , 
2017/5/8,85,10,20,12, , 
2017/5/9,91,10,19,12, , 
2017/5/10,77,8,13,11, , 
2017/5/11,50,17,16,12, , 
2017/5/12,55,10,25,12, , 
2017/5/13,88,8,16,12, , 
2017/5/14,57,11,16,12, , 
2017/5/15,56,11,15,12, , 
2017/5/16,78, , , , , 
2017/5/17,105,13,16,12, , 
2017/5/18,96,12,13,11, , 
2017/5/19,64,14,17,12, , 
2017/5/20,68,17,18,12, , 
2017/5/21,88,11,15,12, , 
2017/5/22,62,11,17,12, , 
2017/5/23,72,13,18,11, , 
2017/5/24,64,13,17,11, , 
2017/5/25,65,14,21,11, , 
2017/5/26,76,14,24,11, , 
2017/5/27,123,15,27,12, , 
2017/5/28,149,19,28,12, , 
2017/5/29,154, , , , , 
2017/5/30,103,15,18,13, , 
2017/5/31,103,16,14,14, , 
2017/6/1,83,17,14,16, , 
2017/6/2,97,18,14,17, , 
2017/6/3,81,21,14,17, , 
2017/6/4,82,20,14,17, , 
2017/6/5,91,13,13,14, , 
2017/6/6,80,14,13,12, , 
2017/6/7,59,14,12,13, , 
2017/6/8,80,13,10,13, , 
2017/6/9,52,15,11,13, , 
2017/6/10,48, , , , , 
2017/6/11,78,15,13,14, , 
2017/6/12,88,15,14,13, , 
2017/6/13,74,15,9,13, , 
2017/6/14,84,15,11,14, , 
2017/6/15,101,15,13,13, , 
2017/6/16,133,14,10,12, , 
2017/6/17,55,15,10,13, , 
2017/6/18,87,14,10,13, , 
2017/6/19,87, , , , , 
2017/6/20,87,14,13,13, , 
2017/6/21,63,15,13,13, , 
2017/6/22,47,17,10,14, , 
2017/6/23,53,17,8,13, , 
2017/6/24,53,17,10,13, , 
2017/6/25,47,17,10,13, , 
2017/6/26,58,18,8,15, , 
2017/6/27,50,19,8,13, , 
2017/6/28,49,19,9,13, , 
2017/6/29,62,23,10,13, , 
2017/6/30,54,21,11,14, , 
2017/1/2,169,36,11,17,70, 
2017/1/3,184,21,9,19,67, 
2017/1/4,155,9,6,12,28, 
2017/1/5,108,14,8,13,48, 
2017/1/6,115,21,9,13,41, 
2017/1/7,145,16,8,14,44, 
2017/1/8,142,12,4,13,54, 
2017/1/9,132,18, ,12,86, 
2017/1/10,151,9,5,10,40, 
2017/1/11,98,2,5,9,21, 
2017/1/12,22, , , , , 
2017/1/13,54, , , , , 
2017/1/14,100, , , , , 
2017/1/15,83, , , , , 
2017/1/16,120, , ,10,17, 
2017/1/17,98,21,14,11,36, 
2017/1/18,144,23,5,14,71, 
2017/1/19,199,9,6,14,40, 
2017/1/20,108,11,7,13,28, 
2017/1/21,139,8,7,15,23, 
2017/1/22,151, , , , , 
2017/1/23,187,19,21,17,71, 
2017/1/24,192,24,15,15,52, 
2017/1/25,186,19,16,14,48, 
2017/1/26,167,15,11,13,33, 
2017/1/27,155,14,6,10,17, 
2017/1/28,116,5,7,11,21, 
2017/1/29,89,7,8,13,20, 
2017/1/30,108,10,10,12,34, 
2017/1/31,151,6,7,14,35, 
2017/2/1,125,4,8,14,40, 
2017/2/2,129,5,7,15,41, 
2017/2/3,121,10,8,11,24, 
2017/2/4,91,6,7,12,30, 
2017/2/5,113,5,8,13,37, 
2017/2/6,93,4,7,12,28, 
2017/2/7,80,5,7,14,38, 
2017/2/8,99,2,9,13,29, 
2017/2/9,73,5,12,15,18, 
2017/2/10,140,10,13,15, , 
2017/2/11,165,12,15,16, , 
2017/2/12,163,16,22,23, , 
2017/2/13,175,11,14,15, , 
2017/2/14,192,12,17,20, , 
2017/2/15,207,3,12,13, , 
2017/2/16,107, , , , , 
2017/2/17,85, , , , , 
2017/2/18,102, , , , , 
2017/2/19,112,3,7,12, , 
2017/2/20,71,7,5,12, , 
2017/2/21,81,12,4,12, , 
2017/2/22,85,2,5,13, , 
2017/2/23,89, ,9,13, , 
2017/2/24,109,1,10,12, , 
2017/2/25,111,3,10,14, , 
2017/2/26,142,4,15,15, , 
2017/2/27,151,8,13,25, , 
2017/2/28,166,17,11,14, , 
2017/3/1,179,21,12,16, , 
2017/3/2,164,5,16,17, , 
2017/3/3,161,5,11,13, , 
2017/3/4,150,7,8,13, , 
2017/3/5,130,1,6,17, , 
2017/3/6,115,3,6,13, , 
2017/3/7,140, , , , , 
2017/3/8,68, , , , , 
2017/3/9,139, ,12,12, , 
2017/3/10,129, ,5,12, , 
2017/3/11,170, ,4,11, , 
2017/3/12,104, ,4,11, , 
2017/3/13,108, , , , , 
2017/3/14,112,16,1,12, , 
2017/3/15,104,22,2,17, , 
2017/3/16,108,18,3,13, , 
2017/3/17,100,18,4,11, , 
2017/3/18,109,17,4,11, , 
2017/3/19,79,16,4,11, , 
2017/3/20,75,13,5,11, , 
2017/3/21,55,12,4,11, , 
2017/3/22,68,11,4,11, , 
2017/3/23,60,13,3,11, , 
2017/3/24,61,12,7,13, , 
2017/3/25,66,9,8,13, , 
2017/3/26,70,9,10,15, , 
2017/3/27,106,20,14,17, , 
2017/3/28,161,20,9,13, , 
2017/3/29,147,12,24,15, , 
2017/3/30,120,10,19,13, , 
2017/3/31,85,13,23,14, , 
2016/10/1,107, , , , , 
2016/10/2,119, , , , , 
2016/10/3,149, , , , , 
2016/10/4,167,10, ,11,54, 
2016/10/5,182,4,11,13,44, 
2016/10/6,153,6,11,13,34, 
2016/10/7,174, , , , , 
2016/10/8,188, , , , , 
2016/10/9,170, , , , , 
2016/10/10,151,4,16,14,44, 
2016/10/11,163,7,12,13,29, 
2016/10/12,163,1,7,12,44, 
2016/10/13,158,1,3,13,22, 
2016/10/14,150, , , , , 
2016/10/15,136, , , , , 
2016/10/16,131, , , , , 
2016/10/17,150,2,25,13,18, 
2016/10/18,123,1,41,13,32, 
2016/10/19,89,3,71,15,58, 
2016/10/20,99, , , , , 
2016/10/21,124, , , , , 
2016/10/22,160,5,49,14,53, 
2016/10/23,147, , , , , 
2016/10/24,144,3,32,13,13, 
2016/10/25,91,11,31,13,41, 
2016/10/26,103,4,30,13,37, 
2016/10/27,76,9,44,14,47, 
2016/10/28,79,3,45,14,36, 
2016/10/29,96,1,34,13,20, 
2016/10/30,84,1,33,13,27, 
2016/10/31,78,1,30,14,23, 
2016/11/1,70,1,32,16,27, 
2016/11/2,85,1,52,14,47, 
2016/11/3,95,1,45,15,35, 
2016/11/4,149,2,63,14,49, 
2016/11/5,152,2,56,15,53, 
2016/11/6,161,2,48,15,64, 
2016/11/7,178,21,17,9,32, 
2016/11/8,121,17,5,8,19, 
2016/11/9,46,17,6,8,22, 
2016/11/10,64,27,13,10,35, 
2016/11/11,113,49,13,12,57, 
2016/11/12,178,41,9,9,41, 
2016/11/13,175,19,5,8,39, 
2016/11/14,117,24,6,9,47, 
2016/11/15,98,24,6,10,53, 
2016/11/16,96,28,9,15,54, 
2016/11/17,101,31,7,12,57, 
2016/11/18,123,51,13,12,49, 
2016/11/19,147,40,9,12,36, 
2016/11/20,137,40,13,12,59, 
2016/11/21,123,32,7,12,57, 
2016/11/22,105,32,8,12,46, 
2016/11/25,112,19,5,11,19, 
2016/11/26,63,34,14,14,27, 
2016/11/27,108,40,19,21,37, 
2016/11/28,157,22,16,17,43, 
2016/11/29,154,28,13,15,24, 
2016/11/30,134,35,13,13,31, 
2016/12/1,117, , , , , 
2016/12/2,156, , , , , 
2016/12/3,187,44,17,14,102, 
2016/12/4,197,66,12,22,56, 
2016/12/5,204,25,10,18,35, 
2016/12/6,150,46,15,23,54, 
2016/12/7,161,41,15,18,76, 
2016/12/8,173,74,25,25,58, 
2016/12/9,195,39,24,27,58, 
2016/12/10,193,54,20,18,45, 
2016/12/11,201,28,9,12,44, 
2016/12/12,149,28,8,14,50, 
2016/12/13,130,17,7,14,31, 
2016/12/14,128,18,6,10,25, 
2016/12/15,86,20,10,14,38, 
2016/12/16,144,24,16,21,52, 
2016/12/17,163,33,15,27,56, 
2016/12/18,187,48,5,19,76, 
2016/12/19,226,18,1,10,44, 
2016/12/20,109,18,3,13,52, 
2016/12/21,109,16,4,13,30, 
2016/12/22,91,23,11,18,50, 
2016/12/23,155,18,6,14,53, 
2016/12/24,145,15,3,11,37, 
2016/12/25,106,12,4,12,48, 
2016/12/26,94,11,7,12,25, 
2016/12/27,83,23,11,16,49, 
2016/12/28,142,26,13,23,52, 
2016/12/29,157,26,15,22,60, 
2016/12/30,168,36,17,22,58, 
2016/12/31,202, , , , , 
2016/7/5,64, , , , , 
2016/7/6,29, , , , , 
2016/7/7,80,8,5,13,38, 
2016/7/8,130,8,2,13,24, 
2016/7/9,80, , , , , 
2016/7/10,89, , , , , 
2016/7/11,86, , , , , 
2016/7/12,79, , , , , 
2016/7/13,121,8,5, , , 
2016/7/14,81,9,9,13,29, 
2016/7/15,106,9,11,13,20, 
2016/7/16,71,8,6,13,14, 
2016/7/17,63, , , , , 
2016/7/18,74, , , , , 
2016/7/19,70, , , , , 
2016/7/20,62, , , , , 
2016/7/21,68, , , , , 
2016/7/22,82, , , , , 
2016/7/23,67, , , , , 
2016/7/24,89, , , , , 
2016/7/25,69, , , , , 
2016/7/26,89,8,25,15,13, 
2016/7/27,85,8,15,13,10, 
2016/7/28,29, , , , , 
2016/7/29,42, , , , , 
2016/7/30,77, , , , , 
2016/7/31,102, , , , , 
2016/8/1,125, , , , , 
2016/8/2,108, , , , , 
2016/8/3,75, , , , , 
2016/8/4,47, , , , , 
2016/8/5,62, , , , , 
2016/8/6,97, , , , , 
2016/8/7,84, , , , , 
2016/8/8,63,9,15,13,14, 
2016/8/9,68,9,13,14,16, 
2016/8/10,100,9,8,14,15, 
2016/8/11,105,9,10,13,18, 
2016/8/12,92,9,9,12,14, 
2016/8/13,104,9,7,12,13, 
2016/8/14,60,9,9,12,18, 
2016/8/15,66,10,8,12,11, 
2016/8/16,79, , , , , 
2016/8/17,87,9,8,12,21, 
2016/8/18,68,10,8,12,16, 
2016/8/19,28, , , , , 
2016/8/20,45,9,8,13,19, 
2016/8/21,61, , , , , 
2016/8/22,91,9,8,13,25, 
2016/8/23,97,9,9,13,21, 
2016/8/24,112,9,9,13,17, 
2016/8/25,126,9,9,13,17, 
2016/8/26,145,9,10,13,16, 
2016/8/27,90,9,8,13,11, 
2016/8/28,63,9,7,13,14, 
2016/8/29,119,9,12,13,22, 
2016/8/30,161,10,18,13,26, 
2016/8/31,125,10,15,13,24, 
2016/9/1,69,9,11,13,19, 
2016/9/2,52,10,7,13,10, 
2016/9/3,79,10,10,13,15, 
2016/9/4,136,13,11,13,17, 
2016/9/5,161,13,12,13,19, 
2016/9/6,121,18,9,13,21, 
2016/9/7,102,10,10,13,21, 
2016/9/8,133,13,11,14,26, 
2016/9/9,106,11,14,14,26, 
2016/9/10,69,9,2,13,9, 
2016/9/11,81, , , , , 
2016/9/12,99, , , , , 
2016/9/13,105, , , , , 
2016/9/14,128,7,17,13,31, 
2016/9/15,134,7,8,12,17, 
2016/9/16,158, , , , , 
2016/9/17,162, , , , , 
2016/9/18,157, , , , , 
2016/9/19,150, , , , , 
2016/9/20,147, , , , , 
2016/9/21,153, , , , , 
2016/9/22,163, , , , , 
2016/9/23,165, , , , , 
2016/9/24,115, , , , , 
2016/9/25,106, , , , , 
2016/9/26,73, , , , , 
2016/9/27,110, , , , , 
2016/9/28,148, , , , , 
2016/9/29,132, , , , , 
2016/9/30,97, , , , , 
2016/4/1,162,38,8, ,16, 
2016/4/2,119,26,7, ,12, 
2016/4/3,135,20,6, ,17, 
2016/4/4,123,42,5, ,14, 
2016/4/5,109,50,7, ,13, 
2016/4/6,106,47,4, ,19, 
2016/4/7,121,45,8, ,22, 
2016/4/8,120,17,6, ,9, 
2016/4/9,115, , , , , 
2016/4/10,143, , , , , 
2016/4/11,144, , , , , 
2016/4/12,133,32,22, ,26, 
2016/4/13,142,95,16, ,23, 
2016/4/14,148,117,11, ,21, 
2016/4/15,157, , , , , 
2016/4/16,146, , , , , 
2016/4/17,149, , , , , 
2016/4/18,84, ,11, ,18, 
2016/4/19,124, ,11, ,11, 
2016/4/20,84,28,9, ,24, 
2016/4/21,93,35,15, ,25, 
2016/4/22,74, , , , , 
2016/4/23,122, , , , , 
2016/4/24,72,70,13, ,26, 
2016/4/25,68,85,9, ,27, 
2016/4/26,108,140,8, ,31, 
2016/4/27,114,110,13, ,31, 
2016/4/28,128,94,10, ,43, 
2016/4/29,135,94,9, ,30, 
2016/4/30,110,71,8, ,21, 
2016/5/1,62,169,3, ,8, 
2016/5/2,98, , , , , 
2016/5/3,97, , , , , 
2016/5/4,80, , , , , 
2016/5/5,92, , , , , 
2016/5/6,92, , , , , 
2016/5/7,75, , , , , 
2016/5/8,71,131,7, ,28, 
2016/5/9,97,167,10, ,25, 
2016/5/10,97,111,12, ,30, 
2016/5/11,134,131,14,11,33, 
2016/5/12,105,159,12,11,23, 
2016/5/13,83,154,6,11,20, 
2016/5/14,41,135,5,11,18, 
2016/5/15,75,52,9,11,14, 
2016/5/16,73,45,12,11,25, 
2016/5/17,117,161,9,11,26, 
2016/5/18,107,174,6,11,25, 
2016/5/19,84,161,7,11,20, 
2016/5/20,88,149,6,11,17, 
2016/5/21,103,110,8,11,30, 
2016/5/22,103,138,8,11,36, 
2016/5/23,111,124,3,11,27, 
2016/5/24,105,154,5,11,31, 
2016/5/25,90,142,2,11,22, 
2016/5/26,63,172,3,11,33, 
2016/5/27,54,150,5,11,25, 
2016/5/28,76,136,4,11,25, 
2016/5/29,89,121,4,11,35, 
2016/5/30,76,78,5,11,22, 
2016/5/31,72,58,4,11,18, 
2016/6/1,60,44,5,11,20, 
2016/6/2,71,35,5,11,20, 
2016/6/3,76,32,5,11,24, 
2016/6/4,77, , , , , 
2016/6/5,105, , , , , 
2016/6/6,104,21,14,11,29, 
2016/6/7,73, , , , , 
2016/6/8,100, , , , , 
2016/6/9,98, , , , , 
2016/6/10,110, , , , , 
2016/6/11,87, , , , , 
2016/6/12,70, , , , , 
2016/6/13,94, , , , , 
2016/6/14,100, , , , , 
2016/6/15,101, , , , , 
2016/6/16,80, , , , , 
2016/6/17,109, , , , , 
2016/6/18,104, , , , , 
2016/6/19,122, , , , , 
2016/6/20,109, , , , , 
2016/6/21,89,20,4,13,24, 
2016/6/22,88,33,5,13,28, 
2016/6/23,83,22,7,13,26, 
2016/6/24,78,23,9,13,26, 
2016/6/25,84,21,9,12,18, 
2016/6/26,95,24,7,12,26, 
2016/6/27,68,22,7,13,25, 
2016/6/28,91,8,3,13,27, 
2016/6/29,78,8,2,13,36, 
2016/1/4,161,23,19,6,22, 
2016/1/5,170, , , , , 
2016/1/6,154, , , , , 
2016/1/7,157, , , , , 
2016/1/8,150, , , , , 
2016/1/9,140, , , , , 
2016/1/10,130,7,14,6,13, 
2016/1/11,114,25,16,6,24, 
2016/1/12,145,13,14,6,19, 
2016/1/13,161,11,10,6,18, 
2016/1/14,137,11,7,6,9, 
2016/1/15,90, , , , , 
2016/1/16,144, , , , , 
2016/1/17,126, , , , , 
2016/1/18,144,5,3,6,13, 
2016/1/19,156,11, ,6,10, 
2016/1/20,197,10, ,6,13, 
2016/1/21,191,10, ,6,11, 
2016/1/22,104,20, ,6,5, 
2016/1/23,90,28, ,6,2, 
2016/1/24,127,15,5,6,5, 
2016/1/25,147,14, ,6,4, 
2016/1/26,137,17,1,6,8, 
2016/1/27,151,14, ,6,12, 
2016/1/28,181, , , , , 
2016/1/29,180, , , , , 
2016/1/30,135, , , , , 
2016/1/31,119, , , , , 
2016/2/1,75, , , , , 
2016/2/2,118, , , , , 
2016/2/3,167, , , , , 
2016/2/4,163, , , , , 
2016/2/5,165, , , , , 
2016/2/6,165, , , , , 
2016/2/7,180, , , , , 
2016/2/8,200, , , , , 
2016/2/9,143, , , , , 
2016/2/10,137, , , , , 
2016/2/11,131, , , , , 
2016/2/12,149, , , , , 
2016/2/13,159, , , , , 
2016/2/14,172, , , , , 
2016/2/15,105, , , , , 
2016/2/16,130, , , , , 
2016/2/17,167, , , , , 
2016/2/18,175,18,26,6,14, 
2016/2/19,183,12,31,6,16, 
2016/2/20,172, , , , , 
2016/2/21,171,16,25,6,17, 
2016/2/22,165,15,16,6,10, 
2016/2/23,123,19,16,6,9, 
2016/2/24,117,14,12,7,6, 
2016/2/25,135,12,17,6,20, 
2016/2/26,135,19,16,7,14, 
2016/2/27,150,30,22,7,16, 
2016/2/28,173,29,27,7,17, 
2016/2/29,191,40,31,7,25, 
2016/3/1,178, , , , , 
2016/3/2,154, , , , , 
2016/3/3,145,2,21,7,19, 
2016/3/6,152,20,9,7,13, 
2016/3/7,119,74,6,7,21, 
2016/3/8,94,54,11,7,20, 
2016/3/9,104,14,14,7,11, 
2016/3/10,88,19,19,7,13, 
2016/3/11,48,14,17,7,16, 
2016/3/12,16,19,14,7,11, 
2016/3/13,19,16,23,7,16, 
2016/3/14,73,19,23,7,19, 
2016/3/15,143,18,20,7,22, 
2016/3/16,96,17,18,7,21, 
2016/3/18,160,60,10,7,20, 
2016/3/19,133,4,6,7,5, 
2016/3/20,126,52,6,7,16, 
2016/3/21,97,67,6,7,24, 
2016/3/22,124,23,7,7,15, 
2016/3/23,142, , , , , 
2016/3/24,76, , , , , 
2016/3/25,118, , , , , 
2016/3/26,142, , , , , 
2016/3/27,166, , , , , 
2016/3/28,194, , , , , 
2016/3/29,184, , , , , 
2016/3/30,157,3,18, ,26, 
2016/3/31,153,15,12, ,24, 
2015/12/27,129,9,10,5,12, 
2015/12/28,163,7,13,5,20, 
2015/12/29,127,10,10,5,11, 
2015/12/30,83,13,10,5,12, 
2024/1/1, ,6,14,12, , 
2023/11/8, ,3,12,15, , 
2023/11/9, ,2,11,15, , 
2023/11/10, ,2,10,15, , 
2023/11/11, ,2,11,15, , 
2023/11/12, ,2,5,19, , 
2023/11/13, ,3,7,21, , 
2023/11/14, ,2,10,19, , 
2023/11/15, ,4,7,19, , 
2023/11/16, ,7,14,17, , 
2023/11/17, ,8,16,14, , 
2023/11/18, ,9,18,13, , 
2023/11/19, ,13,15,12, , 
2023/11/21, ,5,18,11, , 
2023/11/22, ,7,15,12, , 
2023/11/23, ,5,18,12, , 
2023/11/24, ,6,19,12, , 
2023/11/25, ,10,14,11, , 
2023/11/26, ,11,16,12, , 
2023/11/27, ,8,16,11, , 
2023/11/28, ,11,18,12, , 
2023/11/29, ,6,13,11, , 
2023/11/30, ,6,6,11, , 
2023/12/1, ,3,6,12, , 
2023/12/2, ,2,7,12, , 
2023/12/3, ,2,8,12, , 
2023/12/4, ,2,10,11, , 
2023/12/5, ,3,9,11, , 
2023/12/6, ,6,14,12, , 
2023/12/7, ,6,18,12, , 
2023/12/28, ,9,17,12, , 
2023/12/29, ,5,13,12, , 
2023/12/30, ,2,13,12, , 
2023/5/21, ,51,10,9, , 
2023/6/21, ,59,17,9, , 
2023/3/17, ,3,11,8, , 
2023/3/18, ,3,8,8, , 
2023/3/19, ,3,9,8, , 
2022/10/2, ,2,10,8, , 
2022/10/3, ,2,12,8, , 
2022/10/4, ,2,13,8, , 
2022/10/5, ,2,13,8, , 
2022/10/6, ,2,14,8, , 
2022/10/7, ,2,14,8, , 
2022/10/8, ,2,9,8, , 
2022/10/9, ,3,10,8, , 
2022/10/10, ,5,11,8, , 
2022/10/11, ,7,16,8, , 
2022/10/12, ,8,17,8, , 
2022/10/13, ,8,15,8, , 
2022/10/14, ,9,15,8, , 
2022/10/15, ,7,13,8, , 
2022/10/16, ,8,12,8, , 
2022/10/17, ,10,13,8, , 
2022/10/18, ,5,13,8, , 
2022/10/19, ,3,7,8, , 
2022/10/20, ,1,9,8, , 
2022/10/21, ,3,12,8, , 
2022/10/22, ,4,15,8, , 
2022/10/23, ,7,16,8, , 
2022/10/24, ,5,16,8, , 
2022/4/1, ,9,6,6, , 
2022/4/2, ,9,8,6, , 
2022/4/3, ,9,8,6, , 
2022/4/4, ,8,14,8, , 
2022/4/5, ,10,16,8, , 
2022/4/6, ,14,17,7, , 
2022/4/7, ,11,14,8, , 
2022/4/8, ,14,18,9, , 
2022/4/9, ,8,13,7, , 
2022/4/10, ,5,11,6, , 
2022/4/11, ,2,13,6, , 
2022/4/12, ,2,9,6, , 
2022/4/13, ,6,12,7, , 
2022/4/14, ,3,11,6, , 
2022/4/15, ,3,9,6, , 
2022/4/16, ,2,10,6, , 
2022/4/17, ,1,5,6, , 
2022/4/18, ,2,7,6, , 
2022/4/19, ,7,9,7, , 
2022/4/20, ,7,13,8, , 
2022/4/21, ,6,12,8, , 
2022/4/22, ,3,7,7, , 
2022/4/23, ,3,7,7, , 
2022/4/24, ,3,5,7, , 
2022/4/25, ,3,8,7, , 
2022/4/26, ,2,9,7, , 
2022/4/27, ,2,7,7, , 
2022/4/28, ,2,5,7, , 
2022/4/29, ,2,6,7, , 
2022/4/30, ,2,6,7, , 
2022/5/1, ,2,4,6, , 
2022/5/2, ,3,6,7, , 
2022/5/3, ,3,9,6, , 
2022/5/4, ,5,12,6, , 
2022/5/5, ,5,13,6, , 
2022/5/6, ,4,12,7, , 
2022/5/7, ,2,8,6, , 
2022/3/23, ,2,10,6, , 
2022/3/24, ,2,12,6, , 
2022/3/25, ,7,12,6, , 
2022/3/26, ,3,9,6, , 
2022/3/29, ,2,13,6, , 
2022/3/30, ,4,13,6, , 
2022/3/31, ,7,5,6, , 
2021/10/28, ,8,7, , , 
2019/12/31, ,1,12,2, , 
2019/10/4, ,5,5, , , 
2019/10/5, ,8,4, , , 
2019/10/6, ,10,3, , , 
2019/10/27, ,5, , , , 
2019/11/11, ,18, , , , 
2019/11/12, ,6, , , , 
2019/7/1, ,10,8, , , 
2019/7/2, ,10,6, , , 
2019/7/3, ,6,6, , , 
2019/7/4, ,5,10, , , 
2019/7/5, ,7,9, , , 
2019/7/6, ,10,10, , , 
2019/7/7, ,10,10, , , 
2019/7/8, ,8,11, , , 
2019/7/9, ,16,9, , , 
2019/7/10, ,8,9, , , 
2019/7/11, ,4,11, , , 
2019/7/12, ,5,10, , , 
2019/7/13, ,5,10, , , 
2019/7/14, ,4,7, , , 
2019/7/15, ,5,10, , , 
2019/7/16, ,175,12, , , 
2019/7/17, ,70,10, , , 
2019/7/18, ,6,10, , , 
2019/7/19, ,7,12, , , 
2019/7/20, ,5,10, , , 
2019/7/21, ,4,11, , , 
2019/7/22, ,21,12, , , 
2019/7/23, ,7,12, , , 
2019/7/24, ,11,10, , , 
2019/7/25, ,7,9, , , 
2019/7/28, ,6,10, , , 
2019/7/29, ,6,11, , , 
2019/7/30, ,12,10, , , 
2019/7/31, ,13,7, , , 
2019/8/1, ,5,8, , , 
2019/8/2, ,6,6, , , 
2019/8/3, ,6,3, , , 
2019/8/4, ,7,7, , , 
2019/8/10, ,5,7, , , 
2019/8/20, ,9,4, , , 
2019/9/23, ,22,6, , , 
2019/5/3, ,5,8, , , 
2019/5/4, ,6,8, , , 
2019/5/5, ,28,10, , , 
2019/5/6, ,9,9,13, , 
2019/5/7, ,22,6,13, , 
2019/5/8, ,10,6, , , 
2019/5/9, ,2,7, , , 
2019/5/10, ,10,9, , , 
2019/6/26, ,7,15, , , 
2019/6/27, ,10,12, , , 
2019/6/28, ,20,12, , , 
2019/6/29, ,13,7, , , 
2019/6/30, ,9,9, , , 
2017/4/28, ,20,30,14, , 
2017/4/29, ,16,22,12, , 
2017/4/30, ,12,16,11, , 
2017/5/1, ,8,15,11, , 
2017/5/2, ,9,17,12, , 
2017/1/1, ,23,7,12,71, 
2016/11/23, ,24,5,11,24, 
2016/11/24, ,22,8,13,29, 
2016/7/1, ,8,2,12,16, 
2016/7/2, ,8,3,13,17, 
2016/6/30, ,8,2,12,17, 
2016/1/3, ,17,20,6,23, 
2016/3/4, ,4,14,7,25, 
2016/3/5, ,22,13,7,14, 
2016/3/17, ,50,12,7,21, 
2015/10/1, ,138,36,8,19,153
2015/10/2, ,92,32,4,19,153
2015/10/3, ,134,18,4,10, 
2015/10/4, ,116,18, ,10, 
2015/10/5, ,70,30, ,14,115
2015/10/13, ,33,35, , , 
2015/10/14, ,92,21,2,36,154
2015/10/15, ,89,23,2,22,169
2015/10/16, ,130,22,5,19,170
2015/10/17, ,131,22,2,17, 
2015/10/18, ,162,23,9,20, 
2015/10/19, ,143,25, ,23, 
2015/10/20, ,168,25,5,24,212
2015/10/21, ,158,27,10,28,196
2015/10/22, ,134,34,10,27,187
2015/10/23, ,145,30,7,21, 
2015/10/24, ,94,26,5,24, 
2015/10/25, ,121,24,6,22, 
2015/10/26, ,131,21,2,23,199
2015/10/27, ,160,16,3,21,171
2015/10/28, ,136,14,3,19,163
2015/10/29, ,141,10, ,17, 
2015/10/30, ,134,11, ,23, 
2015/10/31, ,145,10, ,18, 
2015/11/1, ,36,7, ,6, 
2015/11/2, ,68,19, ,16,72
2015/11/3, ,92,27, ,20,154
2015/11/4, ,112,23, ,23,171
2015/11/5, ,97,19, ,22, 
2015/11/6, ,121,14,2,25, 
2015/11/7, ,148,7,1,24, 
2015/11/8, ,169,6, ,21, 
2015/11/9, ,164,6, ,29, 
2015/11/10, ,151,8, ,26, 
2015/11/11, ,125,10, ,27, 
2015/11/12, ,154,5,6,13, 
2015/11/13, ,51,7,10,13, 
2015/11/14, ,58,6,5,22, 
2015/11/15, ,123,5,5,17, 
2015/11/16, ,69,7,5,10, 
2015/11/17, ,117,6,5,11, 
2015/11/23, ,33,19,5,40, 
2015/11/24, ,38,14,5,29,160
2015/11/25, ,34,14,5,22, 
2015/11/26, ,15,15,5,16, 
2015/11/27, ,17,20,5,17,112
2015/11/28, ,12,16,5,16, 
2015/11/29, ,12,12,5,12, 
2015/11/30, ,7,13,5,20, 
2015/12/1, ,23,11,5,18,163
2015/12/2, ,56,11,5,21,153
2015/12/3, ,18,8,5,13,147
2015/12/4, ,13,7,5,7,112
2015/12/21, ,5,36,5,40, 
2015/12/22, ,23,24,5,26, 
2015/12/23, ,16,15,5,21, 
2015/12/24, ,23,13,5,23, 
2015/12/25, ,18,12,6,10, 
2015/12/26, ,11,11,5,11, 
2015/7/1, ,15,28,32,15, 
2015/7/2, ,15,34,34,15, 
2015/7/3, ,12,23,29,9, 
2015/7/4, ,13,19,24,8, 
2015/7/5, ,22,22,24,9,82
2015/7/6, ,26,31,25,13,93
2015/7/7, ,21,33,27,15,170
2015/7/8, ,20,30,26,13,149
2015/7/9, ,17,27,26,11, 
2015/7/10, ,14,24,26,13, 
2015/7/11, ,13,23,38,11, 
2015/7/12, ,19,18,61,11,144
2015/7/13, ,11,20,47,14,153
2015/7/14, ,20,15,26,17,153
2015/7/15, ,5,8,25,11,157
2015/7/16, ,5,9,24,9,70
2015/7/17, ,5,11,25,10, 
2015/7/18, ,5,12,25,11, 
2015/7/19, ,5,6,24,12,147
2015/7/20, ,5, , , ,119
2015/7/22, ,5,9,25,14,61
2015/7/23, ,5,10,25,13,63
2015/7/24, ,8,9,25,12, 
2015/7/25, ,5,11,25,11, 
2015/7/26, ,6,10,25,14,80
2015/7/27, ,4,13,25,13,74
2015/7/28, ,3,9,26,12,74
2015/7/29, ,10,18,26,12,68
2015/7/30, ,8,14,26,14,105
2015/7/31, ,8,11,27,12, 
2015/8/1, ,15,10,27,9, 
2015/8/2, ,19,12,26,10, 
2015/8/3, ,12,14,26,14,80
2015/8/4, ,10,15,26,15, 
2015/8/5, ,9,14,25,15,78
2015/8/6, ,6,22,26,16,89
2015/8/7, ,6,21,27,17, 
2015/8/8, ,5,16,27,15, 
2015/8/9, ,5,18,28,14,167
2015/8/10, ,6,30,28,18,168
2015/8/11, ,16,27,21,16,152
2015/8/12, ,20,27,11,21,99
2015/8/13, ,23,27,11,18,107
2015/8/14, ,20,23,11,14, 
2015/8/15, ,16,21,11,12, 
2015/8/16, ,16,21,12,16,82
2015/8/17, ,15,30,11,18,178
2015/8/18, ,15,23,9,17,174
2015/8/19, ,18,16,10,7,82
2015/8/20, ,18,24,11,12,74
2015/8/21, ,16,30,12,16, 
2015/8/22, ,18,31,15,16, 
2015/8/23, ,20,37,13,21,156
2015/8/24, ,36,30,12,18,149
2015/8/25, ,20,32,11,16,124
2015/8/26, ,14,23,9,13,119
2015/8/27, ,13, , , , 
2015/8/31, ,13,21,13,13,112
2015/9/1, ,13,19,11,12, 
2015/9/2, ,13,25,9,23,93
2015/9/3, ,13,21,10,21,84
2015/9/4, ,13,20,10,13, 
2015/9/5, ,13,19,10,13, 
2015/9/6, ,401,23,11,18, 
2015/9/7, ,500,30,10,23,137
2015/9/9, ,84,26,12,18, 
2015/9/10, ,64,33,12,19, 
2015/9/11, ,241,26,14,15, 
2015/9/12, ,193,20,13,8, 
2015/9/13, ,56,22,12,9,84
2015/9/14, ,25,23,12,11,142
2015/9/15, ,14,32,13,17,156
2015/9/16, ,13,24,12,17,157
2015/9/17, ,13,24,11,25,99
2015/9/18, ,13,27,15,19, 
2015/9/19, ,13,26,11,16, 
2015/9/20, ,13,27,12,26,107
2015/9/21, ,28,24,11,25,153
2015/9/22, ,104,16,15,26,87
2015/9/23, ,47,31,13,17,155
2015/9/24, ,8,27,12,20,80
2015/9/25, ,17,25,11,26, 
2015/9/26, ,46,30,12,22, 
2015/9/27, ,32,35,12,23,139
2015/9/28, ,48,30,12,17,149
2015/9/29, ,122,35,14,16,162
2015/9/30, ,120,29,16,15,158
2015/4/1, ,33,24,4,18, 
2015/4/2, ,29,27,6,18, 
2015/4/3, ,32,20,5,13, 
2015/4/4, ,26,14,3,9, 
2015/4/5, ,78,13,4,15, 
2015/4/6, ,42,18,4,20, 
2015/4/7, ,68,18,3,14, 
2015/4/8, ,27,20,4,15, 
2015/4/9, ,20,16,3,11, 
2015/4/10, ,16,25,5,13, 
2015/4/11, ,20,22,4,13, 
2015/4/12, ,21,31,5,13, 
2015/4/13, ,37,38,5,14, 
2015/4/14, ,26,28,4,10, 
2015/4/15, ,19,34,5,20, 
2015/4/16, ,23,24,4,12, 
2015/4/17, ,48,26,4,16, 
2015/4/18, ,34,31,5,17, 
2015/4/19, ,33,31,5,16, 
2015/4/20, ,27,38,15,17, 
2015/4/21, ,28,29,52,12, 
2015/4/22, ,24,28,48,13, 
2015/4/23, ,23,28,41,11, 
2015/4/24, ,26,28,38,14, 
2015/4/25, ,28,34,37,12, 
2015/4/26, ,22,42,36,18,162
2015/4/27, ,48,29,32,12, 
2015/4/28, ,32,26,31,12,127
2015/4/29, ,31,8,27,3, 
2015/4/30, ,16,21,25,9, 
2015/5/1, ,12,27,28,11, 
2015/5/2, ,23,26,27,11, 
2015/5/3, ,24,28,28,16, 
2015/5/4, ,16,27,28,16,91
2015/5/5, ,15,30,28,17,119
2015/5/6, ,21,24,27,15,137
2015/5/7, ,19,31,28,16,124
2015/5/8, ,19,27,26,13, 
2015/5/9, ,22, , , , 
2015/5/11, ,16,31,25,16, 
2015/5/12, ,48,26,25,11, 
2015/5/13, ,19,23,26,10,92
2015/5/14, ,20,28,25,14,89
2015/5/15, ,15,23,26,11, 
2015/5/16, ,30,30,25,13, 
2015/5/17, ,28,33,27,17,87
2015/5/18, ,22,37,26,17,95
2015/5/19, ,17,29,26,15,129
2015/5/20, ,23,23,23,13,100
2015/5/21, ,21,32,25,17,106
2015/5/22, ,20,31,29,12, 
2015/5/23, ,27,20,25,9, 
2015/5/24, ,28,23,23,17, 
2015/5/25, ,28, , , ,107
2015/5/28, ,14,31,34,14,112
2015/5/29, ,13,38,33,16, 
2015/5/30, ,16,32,30,13, 
2015/5/31, ,12,35,29,14, 
2015/6/1, ,16,34,27,14,88
2015/6/2, ,18,31,28,14,102
2015/6/3, ,26,38,27,15,139
2015/6/4, ,19,20,26,12,115
2015/6/5, ,32,35,26,15, 
2015/6/6, ,40,20,25,16, 
2015/6/7, ,19,52,29,32,102
2015/6/8, ,25,31,27,18, 
2015/6/9, ,13,12,26,14,62
2015/6/10, ,6,7,23,11,154
2015/6/11, ,6,14,24,11,147
2015/6/12, ,6,12,25,10, 
2015/6/13, ,7,7,23,9, 
2015/6/14, ,7,10,24,11,99
2015/6/15, ,5,15,25,12,147
2015/6/16, ,31,29,27,11,127
2015/6/17, ,19,19,28,14,129
2015/6/18, ,14,22,28,15,152
2015/6/19, ,19,21,27,17, 
2015/6/20, ,23,10,27,13, 
2015/6/21, ,16,1,26,11,97
2015/6/22, ,21,19,26,10,97
2015/6/23, ,21,7,26,5,84
2015/6/24, ,86,18,24,12,42
2015/6/25, ,21,26,28,13,68
2015/6/26, ,15,26,29,11, 
2015/6/27, ,15,23,29,9, 
2015/6/28, ,15,28,30,15,72
2015/6/29, ,12,29,31,15,76
2015/6/30, ,13,25,33,13,29
2015/1/1, ,8,36,14,17, 
2015/1/2, ,5,35,19,18, 
2015/1/3, ,4,29,5,17, 
2015/1/4, ,4,24,2,24, 
2015/1/5, ,10,22,8,29, 
2015/1/6, ,15,14,3,16, 
2015/1/7, ,13,8,3,11, 
2015/1/8, ,4,9,4,13, 
2015/1/9, ,4,6, ,8, 
2015/1/10, ,5,7, ,6, 
2015/1/11, ,6,10,2,12, 
2015/1/12, ,6,14,5,20, 
2015/1/13, ,5,17,7,25, 
2015/1/14, ,5,22,7,27, 
2015/1/15, ,5,20,9,18, 
2015/1/16, ,8,18,5,16, 
2015/1/17, ,5,23,8,19, 
2015/1/18, ,8,44,8,33, 
2015/1/19, ,7,28,5,23, 
2015/1/20, ,7,24,2,27, 
2015/1/21, ,11,26,1,20, 
2015/1/22, ,13,23, ,13, 
2015/1/23, ,8,23, ,12, 
2015/1/24, ,11,24,1,12, 
2015/1/25, ,8,23, ,14, 
2015/1/26, ,11,22,1,12, 
2015/1/27, ,7,18, ,10, 
2015/1/28, ,15,19, ,12, 
2015/1/29, ,27,18,1,21, 
2015/1/30, ,13,7, ,16, 
2015/1/31, ,7,5, ,11, 
2015/2/1, ,6,7, ,14, 
2015/2/2, ,7,15, ,28, 
2015/2/3, ,15,7, ,25, 
2015/2/4, ,8,6, ,11, 
2015/2/5, ,7,11, ,15, 
2015/2/6, ,7,9, ,18, 
2015/2/7, ,7,14, ,14, 
2015/2/8, ,11,13,1,25, 
2015/2/9, ,7,20,3,29, 
2015/2/10, ,24,10, ,21, 
2015/2/11, ,7,25,2,19, 
2015/2/12, ,18,28,3,22, 
2015/2/13, ,21,10,1,26, 
2015/2/14, ,9,15,2,20, 
2015/2/15, ,24,20,4,21, 
2015/2/16, ,48, , , , 
2015/2/18, ,18,11,2,7, 
2015/2/19, ,46,11,1,6, 
2015/2/20, ,45,12,1,6, 
2015/2/21, ,38,12,2,8, 
2015/2/22, ,48,14,2,9, 
2015/2/23, ,42,12,2,11, 
2015/2/24, ,39,7,1,1, 
2015/2/25, ,37, , , , 
2015/2/27, ,40,12,1,9, 
2015/2/28, ,38,15,2,15, 
2015/3/1, ,29,13,2,12, 
2015/3/2, ,21,18,2,15, 
2015/3/3, ,31,24,4,27, 
2015/3/4, ,19,18,3,25, 
2015/3/5, ,21,8,1,14, 
2015/3/6, ,34,5,1,11, 
2015/3/7, ,22,12,2,18, 
2015/3/8, ,31,15,3,26, 
2015/3/9, ,32,14,3,18, 
2015/3/10, ,46,12,2,20, 
2015/3/11, ,31,11,2,15, 
2015/3/12, ,22,16,3,25, 
2015/3/13, ,27,15,3,19, 
2015/3/14, ,29,16,3,19, 
2015/3/15, ,38,14,3,16, 
2015/3/16, ,48,20,4,18, 
2015/3/17, ,46,22,4,18, 
2015/3/18, ,41,21,4,19, 
2015/3/19, ,43,18,3,20, 
2015/3/20, ,55,19,4,18, 
2015/3/21, ,40,22,4,17, 
2015/3/22, ,33,25,4,23, 
2015/3/23, ,38,18,2,13, 
2015/3/24, ,28,18,3,14, 
2015/3/25, ,26,22,4,21, 
2015/3/26, ,31,29,4,25, 
2015/3/27, ,37,26,4,16, 
2015/3/28, ,31,9,2,3, 
2015/3/29, ,19,14,3,11, 
2015/3/30, ,60,16,3,9, 
2015/3/31, ,87,17,3,11, 
2014/10/1, ,5,28, ,24, 
2014/10/2, ,17,32, ,25, 
2014/10/3, ,14,25, ,22, 
2014/10/4, ,16,12, ,9, 
2014/10/5, ,5,20, ,12, 
2014/10/6, ,35,33, ,19, 
2014/10/7, ,25,32, ,23, 
2014/10/8, ,31,34, ,22, 
2014/10/9, ,31,37, ,30, 
2014/10/10, ,38,26, ,22, 
2014/10/11, ,30, , , , 
2014/10/13, ,25,38, ,20, 
2014/10/14, ,28,33, ,19, 
2014/10/15, ,29,39, ,25, 
2014/10/16, ,27,32, ,31, 
2014/10/17, ,15,29, ,21, 
2014/10/18, ,15,29, ,20, 
2014/10/19, ,14,26, ,23, 
2014/10/20, ,12,26, ,26, 
2014/10/21, ,15,15, ,14, 
2014/10/22, ,6,20, ,17, 
2014/10/23, ,9,24, ,18, 
2014/10/24, ,10,15, ,17, 
2014/10/25, ,11, , , , 
2014/10/28, ,14,15, ,18, 
2014/10/29, ,4,14, ,20, 
2014/10/30, ,8,15, ,23, 
2014/10/31, ,4,14, ,19, 
2014/11/1, ,4,13, ,13, 
2014/11/2, ,5,17, ,12, 
2014/11/3, ,5,26, ,18, 
2014/11/4, ,12,31, ,27, 
2014/11/5, ,18,14, ,17, 
2014/11/6, ,10,11, ,12, 
2014/11/7, ,3,14, ,11, 
2014/11/8, ,3,14, ,13, 
2014/11/9, ,2,13, ,22, 
2014/11/10, ,19,11, ,16, 
2014/11/11, ,17,14, ,12, 
2014/11/12, ,9,17, ,12, 
2014/11/13, ,23,24, ,14, 
2014/11/14, ,27,27, ,17, 
2014/11/15, ,15,15, ,12, 
2014/11/16, ,21,17, ,13, 
2014/11/17, ,15,16, ,12, 
2014/11/18, ,17,20, ,17, 
2014/11/19, ,30,31, ,19, 
2014/11/20, ,27,36, ,24, 
2014/11/21, ,20,26, ,18, 
2014/11/22, ,24,25, ,17, 
2014/11/23, ,43,23, ,21, 
2014/11/24, ,67,24, ,17, 
2014/11/25, ,73,19, ,14, 
2014/11/26, ,189,18, ,19, 
2014/11/27, ,189,16, ,16, 
2014/11/28, ,185,14, ,10, 
2014/11/29, ,196,18, ,16, 
2014/11/30, ,181,21, ,17, 
2014/12/1, ,118,15, ,14, 
2014/12/2, ,20,15, ,15, 
2014/12/3, ,10,17, ,14, 
2014/12/4, ,9,23, ,14, 
2014/12/5, ,12,25, ,15, 
2014/12/6, ,11,13, ,9, 
2014/12/7, ,11,24, ,12, 
2014/12/8, ,15,31, ,21, 
2014/12/9, ,8,16, ,13, 
2014/12/10, ,9,17, ,12, 
2014/12/11, ,9,14, ,11, 
2014/12/12, ,9,22, ,15, 
2014/12/13, ,10,31, ,16, 
2014/12/14, ,10,30, ,18, 
2014/12/15, ,10,21, ,11, 
2014/12/16, ,10,20, ,13, 
2014/12/17, ,10,27, ,26, 
2014/12/18, ,10,30, ,37, 
2014/12/19, ,10,31, ,23, 
2014/12/20, ,10,21, ,14, 
2014/12/21, ,10,23, ,17, 
2014/12/22, ,10,35, ,23, 
2014/12/23, ,10,43, ,31, 
2014/12/24, ,10,39, ,31, 
2014/12/25, ,11,25, ,27, 
2014/12/26, ,11,15,4,14, 
2014/12/27, ,10, , , , 
2014/7/1, ,6,25,6,21, 
2014/7/2, ,6,24,6,19, 
2014/7/3, ,6,26,7,17, 
2014/7/4, ,6,23,7,19, 
2014/7/5, ,6,27,7,20, 
2014/7/6, ,6,27,7,20, 
2014/7/7, ,6,21,7,15, 
2014/7/8, ,18,26,8,21, 
2014/7/9, ,4,21,8,19, 
2014/7/10, ,14,24,8,23, 
2014/7/11, ,3,16,10,17, 
2014/7/12, ,2,7,9,10, 
2014/7/13, ,2, , , , 
2014/7/16, ,1,26,8,27, 
2014/7/17, ,2,14,9,11, 
2014/7/18, ,22,12,8,9, 
2014/7/19, ,6,16,8,14, 
2014/7/20, ,3,24,8,23, 
2014/7/21, ,2,34,9,21, 
2014/7/22, ,12,21,9,17, 
2014/7/23, ,30,29,9,20, 
2014/7/24, ,26,10,8,7, 
2014/7/25, ,3, , , , 
2014/7/28, ,5,23,9,18, 
2014/7/29, ,13,20,9,16, 
2014/7/30, ,8,30,9,21, 
2014/7/31, ,9,26,9,21, 
2014/8/1, ,3,23,9,16, 
2014/8/2, ,13,19,9,11, 
2014/8/3, ,20,23,9,17, 
2014/8/4, ,17,20,9,20, 
2014/8/5, ,2,24,8,22, 
2014/8/6, ,2,27,9,29, 
2014/8/7, ,2,27,10,21, 
2014/8/8, ,4,25,9,21, 
2014/8/9, ,5,10,10,18, 
2014/8/10, ,6,19,11,19, 
2014/8/11, ,3,18,11,15, 
2014/8/12, ,25,15,9,10, 
2014/8/13, ,15,19,9,13, 
2014/8/14, ,24,20,10,14, 
2014/8/15, ,5,25,11,20, 
2014/8/16, ,6, , , , 
2014/8/18, ,4,17,9,17, 
2014/8/19, ,4,23,10,18, 
2014/8/20, ,15,42,14,29, 
2014/8/21, ,7,23,10,24, 
2014/8/22, ,3,21,11,17, 
2014/8/23, ,3,21,12,21, 
2014/8/24, ,3,23,11,21, 
2014/8/25, ,2,18,11,18, 
2014/8/26, ,4,17,11,14, 
2014/8/27, ,9,12,11,9, 
2014/8/28, ,11,16,9,16, 
2014/8/29, ,6,21,11,13, 
2014/8/30, ,9,21,11,18, 
2014/8/31, ,24,16,11,13, 
2014/9/1, ,4,20,10,21, 
2014/9/2, ,3,23,11,22, 
2014/9/3, ,3,30,13,24, 
2014/9/4, ,5,25,13,25, 
2014/9/5, ,3,23,12,23, 
2014/9/6, ,3,24,12,18, 
2014/9/7, ,37,33,12,26, 
2014/9/8, ,19,29, ,22, 
2014/9/9, ,15,21, ,20, 
2014/9/10, ,4,23, ,21, 
2014/9/11, ,3,24, ,23, 
2014/9/12, ,3,26, ,20, 
2014/9/13, ,8,25, ,17, 
2014/9/14, ,13,22, ,15, 
2014/9/15, ,19,11, ,10, 
2014/9/16, ,27,11, ,11, 
2014/9/17, ,19,18, ,21, 
2014/9/18, ,4,26, ,26, 
2014/9/19, ,5,20, ,19, 
2014/9/20, ,4,22, ,15, 
2014/9/21, ,18,18, ,13, 
2014/9/22, ,10,43, , , 
2014/9/23, ,40,29, , , 
2014/9/24, ,20, , ,28, 
2014/9/25, ,42,52, ,25, 
2014/9/26, ,3,26, ,23, 
2014/9/27, ,2,18, ,18, 
2014/9/28, ,2,17, ,25, 
2014/9/29, ,2,24, ,19, 
2014/9/30, ,7,29, ,24, 
2014/4/1, ,6,30,2,26, 
2014/4/2, ,6,26,5,28, 
2014/4/3, ,4,30,8,26, 
2014/4/4, ,12,35,7,30, 
2014/4/5, ,5,31,7,20, 
2014/4/6, ,17,36,7,23, 
2014/4/7, ,10,30,12,26, 
2014/4/8, ,9,25,13,20, 
2014/4/9, ,8,21,13,22, 
2014/4/10, ,5,19,13,23, 
2014/4/11, ,3,19,14,22, 
2014/4/12, ,2,19,14,20, 
2014/4/13, ,1,22,15,28, 
2014/4/14, ,1,16,14,20, 
2014/4/15, ,1,17,14,19, 
2014/4/16, ,2,21,15,24, 
2014/4/17, ,4,21,15,25, 
2014/4/18, ,3,18,16,23, 
2014/4/19, ,1,20,15,24, 
2014/4/20, ,1,15,15,21, 
2014/4/21, ,1,18,16,30, 
2014/4/22, ,1,15,16,26, 
2014/4/23, ,1,19,16,27, 
2014/4/24, ,1,21,16,27, 
2014/4/25, ,2,25,16,21, 
2014/4/26, ,4,14,14,16, 
2014/4/27, ,15,15,11,25, 
2014/4/28, ,6,17,7,23, 
2014/4/29, ,8,14,6,12, 
2014/4/30, ,19,14,6,15, 
2014/5/1, ,31,17,7,16, 
2014/5/2, ,36,18,6,19, 
2014/5/3, ,11,16,6,15, 
2014/5/4, ,25,15,6,13, 
2014/5/5, ,31,20,8,16, 
2014/5/6, ,29,23,10,28, 
2014/5/7, ,12,22,6,27, 
2014/5/8, ,12,26,7,21, 
2014/5/9, ,26,23,7,16, 
2014/5/10, ,26,24,8,14, 
2014/5/11, ,70,31,8,24, 
2014/5/12, ,13,29,7,19, 
2014/5/13, ,23,31,8,17, 
2014/5/14, ,39,26,8,15, 
2014/5/15, ,34,31,7,23, 
2014/5/16, ,7,27,9,17, 
2014/5/17, ,12,16,6,12, 
2014/5/18, ,13,33,10,27, 
2014/5/19, ,30,21,6,19, 
2014/5/20, ,9,19,7,16, 
2014/5/21, ,14,23,7,16, 
2014/5/22, ,17,25,7,15, 
2014/5/23, ,18,21,6,14, 
2014/5/24, ,23,17,6,12, 
2014/5/25, ,9,20,6,23, 
2014/5/26, ,12,23,6,22, 
2014/5/27, ,7,29,7,24, 
2014/5/28, ,12,16,5,23, 
2014/5/29, ,5,20,6,20, 
2014/5/30, ,7,17,7,16, 
2014/5/31, ,10,5,6,14, 
2014/6/1, ,9,17,6,15, 
2014/6/2, ,22,23,6,17, 
2014/6/3, ,13,18,6,19, 
2014/6/4, ,15,24,6,23, 
2014/6/5, ,25,26,7,21, 
2014/6/6, ,25,20,6,12, 
2014/6/7, ,37,18,6,13, 
2014/6/8, ,37,29,7,20, 
2014/6/9, ,33,27,7,21, 
2014/6/10, ,17, , , , 
2014/6/18, ,7,32,6,26, 
2014/6/19, ,5,22,6,20, 
2014/6/20, ,11,27,6,19, 
2014/6/21, ,30,16,6,15, 
2014/6/22, ,7,31,6,30, 
2014/6/23, ,21,37,6,26, 
2014/6/24, ,9,33,6,26, 
2014/6/25, ,4,22,6,18, 
2014/6/26, ,17,26,6,18, 
2014/6/27, ,15,24,6,16, 
2014/6/28, ,10,28,6,17, 
2014/6/29, ,6,21,6,17, 
2014/6/30, ,6,22,6,20, 
2014/1/2, ,22,39,8,43, 
2014/1/3, ,69,25,12,28, 
2014/1/4, ,24, , , , 
2014/1/6, ,65,30,3,27, 
2014/1/7, ,46,28,10,27, 
2014/1/8, ,20,23,7,22, 
2014/1/9, ,29,32,12,32, 
2014/1/10, ,21,20,6,25, 
2014/1/11, ,17,17,5,20, 
2014/1/12, ,19,17,6,17, 
2014/1/13, ,32,27,9,21, 
2014/1/14, ,93,35,11,22, 
2014/1/15, ,96,37,10,23, 
2014/1/16, ,104,29,6,28, 
2014/1/17, ,54,36,9,31, 
2014/1/18, ,65,35,16,28, 
2014/1/19, ,66, , , , 
2014/1/22, ,55,47,10,30, 
2014/1/23, ,33,34,2,24, 
2014/1/24, ,35,31,3,26, 
2014/1/25, ,19,29,5,26, 
2014/1/26, ,17,34,4,29, 
2014/1/27, ,23,29,3,24, 
2014/1/28, ,23,28,3,25, 
2014/1/29, ,18,22,3,23, 
2014/1/30, ,27,15,2,16, 
2014/1/31, ,34,16,2,13, 
2014/2/1, ,21,18,2,14, 
2014/2/2, ,20,20,2,14, 
2014/2/3, ,20,17,2,13, 
2014/2/4, ,23,15,2,14, 
2014/2/5, ,17,17,2,18, 
2014/2/6, ,19,17,2,20, 
2014/2/7, ,15,16,2,19, 
2014/2/8, ,10,14,2,17, 
2014/2/9, ,12,15,1,15, 
2014/2/10, ,19,14,1,14, 
2014/2/11, ,23,27,1,23, 
2014/2/12, ,14,18,4,16, 
2014/2/13, ,25,27,7,18, 
2014/2/14, ,29,37,8,24, 
2014/2/15, ,18,24,3,21, 
2014/2/16, ,20,26,1,31, 
2014/2/17, ,13,16,1,30, 
2014/2/18, ,14,18,2,19, 
2014/2/19, ,24,28,2,19, 
2014/2/20, ,36,38,4,27, 
2014/2/21, ,17,26,4,26, 
2014/2/22, ,8,21,3,28, 
2014/2/23, ,3,29,2,27, 
2014/2/24, ,9,27,1,25, 
2014/2/25, ,8,27,2,22, 
2014/2/26, ,1,30,2,30, 
2014/2/27, ,3,22,1,25, 
2014/2/28, ,10,17, ,14, 
2014/3/1, ,3,30,2,26, 
2014/3/2, ,5,25,2,30, 
2014/3/3, ,7,21,2,25, 
2014/3/4, ,4,23,2,26, 
2014/3/5, ,6,28,2,36, 
2014/3/6, ,3,18,2,29, 
2014/3/7, ,1,16,2,25, 
2014/3/8, ,1,16,1,15, 
2014/3/9, ,4,17,1,17, 
2014/3/10, ,2,22,2,26, 
2014/3/11, ,2,25,2,29, 
2014/3/12, ,4,19,2,24, 
2014/3/13, ,7,26,2,18, 
2014/3/14, ,11,34,3,22, 
2014/3/15, ,11,25,2,19, 
2014/3/16, ,8,27,4,33, 
2014/3/17, ,1,21,2,23, 
2014/3/18, ,2,27,2,30, 
2014/3/19, ,1,26,2,28, 
2014/3/20, ,2,19,1,12, 
2014/3/21, ,16,22,1,14, 
2014/3/22, ,7,19,1,22, 
2014/3/23, ,3,30,2,22, 
2014/3/24, ,9,28,2,19, 
2014/3/25, ,14,28,2,23, 
2014/3/26, ,7,25,2,23, 
2014/3/27, ,4,20,2,23, 
2014/3/28, ,4,19,2,25, 
2014/3/29, ,1,24,2,21, 
2014/3/30, ,5,30,2,23, 
2014/3/31, ,11,33,2,28, 
2019/8/5, , ,9, , , 
2019/8/6, , ,8, , , 
2019/8/7, , ,12, , , 
2019/8/8, , ,9, , , 
2019/8/9, , ,8, , , 
2019/8/11, , ,7, , , 
2019/8/12, , ,3, , , 
2019/8/13, , ,4, , , 
2019/8/14, , ,4, , , 
2019/8/15, , ,3, , , 
2019/8/16, , ,4, , , 
2019/8/17, , ,3, , , 
2019/8/18, , ,3, , , 
2019/8/19, , ,4, , , 
2019/8/21, , ,3, , , 
2019/8/22, , ,4, , , 
2019/8/23, , ,2, , , 
2019/8/24, , ,2, , , 
2019/8/25, , ,3, , , 
2019/8/26, , ,3, , , 
2019/5/11, , ,8, , , 
2019/5/12, , ,7, , , 
2019/5/13, , ,7, , , 
2019/5/14, , ,8, , , 
2019/5/15, , ,10, , , 
2019/5/16, , ,10, , , 
2019/5/17, , ,11, , , 
2019/5/18, , ,11, , , 
2019/5/19, , ,8, , , 
2019/5/20, , ,8, , , 
2019/5/21, , ,6, , , 
2015/7/21, , ,14,29,12,91
2015/8/30, , ,25,12,10, 
2015/9/8, , ,26,12,27, 
2015/5/10, , ,49,28,23,173
2015/5/27, , ,32,35,15,108
2014/12/31, , ,30,8,16, 
2015/2/17, , ,14,2,11, 
2015/2/26, , ,15,2,11, 
2014/10/12, , ,37, ,19, 
2014/10/27, , ,22, ,27, 
2014/7/15, , ,29,8,24, 
2014/7/27, , ,31,9,25, 
2014/8/17, , ,32,10,26, 
2014/6/17, , ,41,6,27, 
2014/1/1, , ,40,6,28, 
2014/1/5, , ,35,5,33, 
2014/1/20, , ,57,22,39, 
2014/1/21, , ,41,13,28, 
2019/6/4, , , ,15, , 
2019/6/5, , , ,15, , 
2019/6/6, , , ,15, , 
2019/6/7, , , ,15, , 
2019/6/8, , , ,18, , 
2019/6/9, , , ,18, , 
2019/6/10, , , ,23, , 
2019/6/11, , , ,23, , 
2019/6/12, , , ,23, , 
2019/6/13, , , ,19, , 
2018/6/2, , , ,29, , 
2018/6/3, , , ,29, , 
2018/6/6, , , ,30, , 
2018/6/17, , , ,31, , 
2018/1/8, , , ,36, , 
2018/1/21, , , ,38, , 
2018/1/28, , , ,37, , 
2018/2/11, , , ,22, , 
2018/3/18, , , ,28, , 
2017/10/31, , , ,13, , 
2017/11/1, , , ,13, , 
2017/11/2, , , ,13, , 
2017/11/3, , , ,14, , 
2017/11/4, , , ,14, , 
2017/11/5, , , ,13, , 
2017/11/6, , , ,13, , 
2017/11/7, , , ,13, , 
2017/11/8, , , ,13, , 
2017/11/9, , , ,13, , 
2017/11/10, , , ,13, , 
2017/11/11, , , ,13, , 
2017/11/12, , , ,13, , 
2017/12/9, , , ,36, , 
2017/12/10, , , ,37, , 
2017/12/11, , , ,35, , 
2017/12/12, , , ,36, , 
2017/12/13, , , ,35, , 
2017/12/14, , , ,36, , 
2017/12/15, , , ,36, , 
2017/12/16, , , ,36, , 
2017/12/17, , , ,38, , 
2017/12/18, , , ,44, , 
2017/9/8, , , ,15, , 
2017/9/9, , , ,13, , 
2019/5/22, , , , , , 
2019/5/23, , , , , , 
2019/5/24, , , , , , 
2019/5/25, , , , , , 
2019/5/26, , , , , , 
2019/5/27, , , , , , 
2019/5/28, , , , , , 
2019/5/29, , , , , , 
2019/5/30, , , , , , 
2019/5/31, , , , , , 
2019/6/1, , , , , , 
2019/6/2, , , , , , 
2019/6/3, , , , , , 
2019/6/14, , , , , , 
2019/6/15, , , , , , 
2019/6/16, , , , , , 
2019/6/17, , , , , , 
2019/6/18, , , , , , 
2019/6/19, , , , , , 
2019/6/20, , , , , , 
2019/6/21, , , , , , 
2019/6/22, , , , , , 
2019/6/23, , , , , , 
2019/6/24, , , , , , 
2019/6/25, , , , , , 
2015/12/5, , , , ,6, 
2015/12/6, , , , ,4, 
2015/12/7, , , , ,15,122
2015/12/8, , , , ,15,155
2015/12/9, , , , ,6, 
2015/12/10, , , , ,18, 
2015/12/11, , , , ,20, 
2015/12/15, , , , ,18, 
2015/10/6, , , , , ,117
2015/10/7, , , , , ,122
2015/10/8, , , , , ,144
2015/5/26, , , , , ,97
